dataSource,dataSource_secondary,sourceID,species,dataType,date,time,latitude,longitude,positionalError_meters,specificGeography,dataNotes
ODNR (Diversity Database),NA,20133,Short-tailed weasel,Museum specimen,9/23/1988,NA,39.9614,-82.9992,S9,,
ODNR (Diversity Database),NA,5866,Short-tailed weasel,Museum specimen,11/1/1937,NA,41.5009,-81.4499,60.96,,
ODNR (Diversity Database),NA,9082,Short-tailed weasel,Museum specimen,2/13/1989,NA,41.5294,-81.3426,4828.03,,
ODNR (Diversity Database),NA,9984,Short-tailed weasel,Museum specimen,9/1/1993,NA,41.6074,-81.0506,1414.21,,
ODNR (Diversity Database),NA,19862,Short-tailed weasel,Museum specimen,6/26/1987,NA,41.4106,-80.9542,8046.72,,
ODNR (Diversity Database),NA,1455,Short-tailed weasel,Museum specimen,4/17/1964,NA,41.6783,-80.9542,1414.21,,
ODNR (Diversity Database),NA,1333,Short-tailed weasel,Museum specimen,8/13/1980,NA,41.6778,-80.856,4828.03,,
ODNR (Diversity Database),NA,19856,Short-tailed weasel,Museum specimen,8/16/1987,NA,41.4618,-80.8559,1609.34,,
ODNR (Diversity Database),NA,19857,Short-tailed weasel,Museum specimen,8/7/1987,NA,41.4618,-80.8559,4828.03,,
ODNR (Diversity Database),NA,774,Short-tailed weasel,Museum specimen,12/14/1980,NA,41.9477,-80.5542,1609.34,,
ODNR (Diversity Database),NA,1441,Short-tailed weasel,Museum specimen,8/27/1987,NA,41.6808,-80.5219,1609.34,,
ODNR (Diversity Database),NA,11035,Long-tailed weasel,Museum specimen,12/10/1939,NA,39.1575,-84.6136,4828.03,,
ODNR (Diversity Database),NA,16168,Long-tailed weasel,Museum specimen,NA,NA,39.6796,-84.4293,1414.21,,
ODNR (Diversity Database),NA,2287,Long-tailed weasel,Museum specimen,1/22/1921,NA,40.4387,-84.38,1414.21,,
ODNR (Diversity Database),NA,2293,Long-tailed weasel,Museum specimen,2/2/1921,NA,40.4387,-84.38,1414.21,,
ODNR (Diversity Database),NA,2294,Long-tailed weasel,Museum specimen,2/7/1921,NA,40.4387,-84.38,1414.21,,
ODNR (Diversity Database),NA,15643,Long-tailed weasel,Museum specimen,6/6/1968,NA,40.0519,-84.3608,4828.03,,
ODNR (Diversity Database),NA,15683,Long-tailed weasel,Museum specimen,6/25/1968,NA,40.0519,-84.3608,4828.03,,
ODNR (Diversity Database),NA,3217,Long-tailed weasel,Museum specimen,5/14/1969,NA,39.0286,-84.2181,1414.21,,
ODNR (Diversity Database),NA,20795,Long-tailed weasel,Museum specimen,6/27/1968,NA,39.5295,-84.0867,1414.21,,
ODNR (Diversity Database),NA,15715,Long-tailed weasel,Museum specimen,1/28/1976,NA,39.9981,-84.0781,1609.34,,
ODNR (Diversity Database),NA,2425,Long-tailed weasel,Museum specimen,6/18/1974,NA,38.8254,-83.8889,8046.72,,
ODNR (Diversity Database),NA,10658,Long-tailed weasel,Museum specimen,3/20/1968,NA,39.6947,-83.8864,S7,,
ODNR (Diversity Database),NA,2442,Long-tailed weasel,Museum specimen,12/10/1973,NA,39.0275,-83.8829,1414.21,,
ODNR (Diversity Database),NA,4052,Long-tailed weasel,Museum specimen,12/27/1937,NA,39.4386,-83.8374,4828.03,,
ODNR (Diversity Database),NA,4056,Long-tailed weasel,Museum specimen,12/29/1937,NA,39.4386,-83.8374,4828.03,,
ODNR (Diversity Database),NA,4119,Long-tailed weasel,Museum specimen,5/27/1929,NA,39.4111,-83.8078,S7,,
ODNR (Diversity Database),NA,3027,Long-tailed weasel,Museum specimen,5/20/1948,NA,40.2024,-83.7526,1609.34,,
ODNR (Diversity Database),NA,3036,Long-tailed weasel,Museum specimen,6/19/1970,NA,40.1806,-83.725,1609.34,,
ODNR (Diversity Database),NA,3071,Long-tailed weasel,Museum specimen,8/12/1974,NA,40.1806,-83.725,1609.34,,
ODNR (Diversity Database),NA,21099,Long-tailed weasel,Museum specimen,10/1/1936,NA,41.305,-83.7092,4828.03,,
ODNR (Diversity Database),NA,4042,Long-tailed weasel,Museum specimen,5/27/1927,NA,39.4822,-83.6774,8046.72,,
ODNR (Diversity Database),NA,11816,Long-tailed weasel,Museum specimen,8/24/1963,NA,40.7767,-83.6117,4828.03,,
ODNR (Diversity Database),NA,15282,Long-tailed weasel,Museum specimen,7/17/1943,NA,41.6642,-83.5558,S7,,
ODNR (Diversity Database),NA,7716,Long-tailed weasel,Museum specimen,5/6/1956,NA,39.5366,-83.4393,1609.34,,
ODNR (Diversity Database),NA,19112,Long-tailed weasel,Museum specimen,8/8/1938,NA,41.2464,-83.2361,1414.21,,
ODNR (Diversity Database),NA,19113,Long-tailed weasel,Museum specimen,8/8/1938,NA,41.2464,-83.2361,1414.21,,
ODNR (Diversity Database),NA,19244,Long-tailed weasel,Museum specimen,7/9/1939,NA,41.2464,-83.2361,1414.21,,
ODNR (Diversity Database),NA,19245,Long-tailed weasel,Museum specimen,7/9/1939,NA,41.2464,-83.2361,1414.21,,
ODNR (Diversity Database),NA,19529,Long-tailed weasel,Museum specimen,1/4/1907,NA,41.1147,-83.1781,4828.03,,
ODNR (Diversity Database),NA,15430,Long-tailed weasel,Museum specimen,4/1/1976,NA,40.5328,-83.0797,1414.21,,
ODNR (Diversity Database),NA,20096,Long-tailed weasel,Museum specimen,1/1/1904,NA,39.9614,-82.9992,S9,,
ODNR (Diversity Database),NA,20151,Long-tailed weasel,Museum specimen,NA,NA,39.9614,-82.9992,S9,,
ODNR (Diversity Database),NA,20152,Long-tailed weasel,Museum specimen,NA,NA,39.9614,-82.9992,S9,,
ODNR (Diversity Database),NA,8191,Long-tailed weasel,Museum specimen,NA,NA,39.9611,-82.9989,S7,,
ODNR (Diversity Database),NA,17342,Long-tailed weasel,Museum specimen,11/25/1901,NA,39.1269,-82.9858,1609.34,,
ODNR (Diversity Database),NA,7857,Long-tailed weasel,Museum specimen,5/26/1905,NA,40.0767,-82.9442,1414.21,,
ODNR (Diversity Database),NA,7858,Long-tailed weasel,Museum specimen,5/26/1905,NA,40.0767,-82.9442,1414.21,,
ODNR (Diversity Database),NA,7859,Long-tailed weasel,Museum specimen,5/26/1905,NA,40.0767,-82.9442,1414.21,,
ODNR (Diversity Database),NA,7860,Long-tailed weasel,Museum specimen,5/26/1905,NA,40.0767,-82.9442,1414.21,,
ODNR (Diversity Database),NA,7861,Long-tailed weasel,Museum specimen,5/26/1905,NA,40.0767,-82.9442,1414.21,,
ODNR (Diversity Database),NA,16751,Long-tailed weasel,Museum specimen,7/12/1958,NA,41.5147,-82.9169,1609.34,,
ODNR (Diversity Database),NA,20044,Long-tailed weasel,Museum specimen,1/18/1932,NA,40.7337,-82.7904,1414.21,,
ODNR (Diversity Database),NA,8247,Long-tailed weasel,Museum specimen,7/9/1964,NA,40.1303,-82.7383,1414.21,,
ODNR (Diversity Database),NA,16631,Long-tailed weasel,Museum specimen,5/16/1937,NA,41.5058,-82.7189,8046.72,,
ODNR (Diversity Database),NA,16632,Long-tailed weasel,Museum specimen,NA,NA,41.5058,-82.7189,8046.72,,
ODNR (Diversity Database),NA,12805,Long-tailed weasel,Museum specimen,6/18/1942,NA,41.2431,-82.6161,4828.03,,
ODNR (Diversity Database),NA,12806,Long-tailed weasel,Museum specimen,6/19/1942,NA,41.2431,-82.6161,4828.03,,
ODNR (Diversity Database),NA,7455,Long-tailed weasel,Museum specimen,3/8/1929,NA,39.7139,-82.5992,1609.34,,
ODNR (Diversity Database),NA,7538,Long-tailed weasel,Museum specimen,12/23/1929,NA,39.7303,-82.5706,1414.21,,
ODNR (Diversity Database),NA,13024,Long-tailed weasel,Museum specimen,12/1/1973,NA,40.5081,-82.5019,1609.34,,
ODNR (Diversity Database),NA,13025,Long-tailed weasel,Museum specimen,12/1/1973,NA,40.5081,-82.5019,1609.34,,
ODNR (Diversity Database),NA,12803,Long-tailed weasel,Museum specimen,NA,NA,41.0849,-82.4002,1609.34,,
ODNR (Diversity Database),NA,2142,Long-tailed weasel,Museum specimen,8/27/1959,NA,39.3521,-82.2683,1609.34,,
ODNR (Diversity Database),NA,2143,Long-tailed weasel,Museum specimen,8/28/1959,NA,39.3521,-82.2683,1609.34,,
ODNR (Diversity Database),NA,2144,Long-tailed weasel,Museum specimen,12/3/1959,NA,39.3521,-82.2683,1609.34,,
ODNR (Diversity Database),NA,2145,Long-tailed weasel,Museum specimen,6/1/1960,NA,39.3521,-82.2683,1609.34,,
ODNR (Diversity Database),NA,396,Long-tailed weasel,Museum specimen,7/7/1924,NA,40.6355,-82.2332,1609.34,,
ODNR (Diversity Database),NA,15208,Long-tailed weasel,Museum specimen,11/14/1930,NA,41.2678,-82.1075,4828.03,,
ODNR (Diversity Database),NA,15209,Long-tailed weasel,Museum specimen,11/14/1930,NA,41.2678,-82.1075,4828.03,,
ODNR (Diversity Database),NA,1793,Long-tailed weasel,Museum specimen,1/30/1983,NA,39.3294,-82.1014,1609.34,,
ODNR (Diversity Database),NA,1907,Long-tailed weasel,Museum specimen,11/27/1956,NA,39.3294,-82.1014,1609.34,,
ODNR (Diversity Database),NA,1911,Long-tailed weasel,Museum specimen,5/22/1959,NA,39.3294,-82.1014,1609.34,,
ODNR (Diversity Database),NA,2012,Long-tailed weasel,Museum specimen,6/11/1974,NA,39.4328,-82.0969,1414.21,,
ODNR (Diversity Database),NA,1774,Long-tailed weasel,Museum specimen,11/11/1980,NA,39.3294,-81.9537,1609.34,,
ODNR (Diversity Database),NA,21035,Long-tailed weasel,Museum specimen,8/8/1926,NA,40.8053,-81.935,4828.03,,
ODNR (Diversity Database),NA,21039,Long-tailed weasel,Museum specimen,8/10/1936,NA,40.8053,-81.935,4828.03,,
ODNR (Diversity Database),NA,1755707,Long-tailed weasel,Museum specimen,9/9/2011,NA,41.05,-81.92,1110,,
ODNR (Diversity Database),NA,21008,Long-tailed weasel,Museum specimen,8/10/1936,NA,40.78,-81.9197,1609.34,,
ODNR (Diversity Database),NA,4646,Long-tailed weasel,Museum specimen,6/1/1945,NA,41.5013,-81.6956,S7,,
ODNR (Diversity Database),NA,4647,Long-tailed weasel,Museum specimen,6/1/1945,NA,41.5013,-81.6956,S7,,
ODNR (Diversity Database),NA,4664,Long-tailed weasel,Museum specimen,NA,NA,41.5013,-81.6956,S7,,
ODNR (Diversity Database),NA,4665,Long-tailed weasel,Museum specimen,NA,NA,41.5013,-81.6956,S7,,
ODNR (Diversity Database),NA,19803,Long-tailed weasel,Museum specimen,6/6/1993,NA,41.24,-81.6384,1609.34,,
ODNR (Diversity Database),NA,4340,Long-tailed weasel,Museum specimen,6/7/1946,NA,41.3194,-81.6269,1414.21,,
ODNR (Diversity Database),NA,4341,Long-tailed weasel,Museum specimen,10/2/1987,NA,41.3194,-81.6269,1414.21,,
ODNR (Diversity Database),NA,19755,Long-tailed weasel,Museum specimen,7/20/1909,NA,41.1819,-81.5844,1414.21,,
ODNR (Diversity Database),NA,19761,Long-tailed weasel,Museum specimen,1/7/1926,NA,41.1819,-81.5844,1414.21,,
ODNR (Diversity Database),NA,4810,Long-tailed weasel,Museum specimen,6/13/1976,NA,41.5444,-81.5653,402.336,,
ODNR (Diversity Database),NA,4708,Long-tailed weasel,Museum specimen,10/22/1927,NA,41.5203,-81.5564,1609.34,,
ODNR (Diversity Database),NA,4712,Long-tailed weasel,Museum specimen,10/22/1927,NA,41.5203,-81.5564,1609.34,,
ODNR (Diversity Database),NA,19832,Long-tailed weasel,Museum specimen,7/10/1982,NA,41.1297,-81.5322,S7,,
ODNR (Diversity Database),NA,5849,Long-tailed weasel,Museum specimen,7/30/1977,NA,41.4786,-81.4875,60.96,,
ODNR (Diversity Database),NA,1899600,Long-tailed weasel,Museum specimen,8/23/2003,NA,40.911111,-81.476667,0,,
ODNR (Diversity Database),NA,5863,Long-tailed weasel,Museum specimen,6/27/1982,NA,41.4784,-81.4639,1609.34,,
ODNR (Diversity Database),NA,6283,Long-tailed weasel,Museum specimen,7/16/1935,NA,41.5667,-81.4389,4828.03,,
ODNR (Diversity Database),NA,6284,Long-tailed weasel,Museum specimen,7/16/1935,NA,41.5667,-81.4389,4828.03,,
ODNR (Diversity Database),NA,6409,Long-tailed weasel,Museum specimen,8/29/1935,NA,41.5667,-81.4389,4828.03,,
ODNR (Diversity Database),NA,6410,Long-tailed weasel,Museum specimen,8/29/1935,NA,41.5667,-81.4389,4828.03,,
ODNR (Diversity Database),NA,4392,Long-tailed weasel,Museum specimen,12/3/1929,NA,41.4297,-81.3906,1414.21,,
ODNR (Diversity Database),NA,4393,Long-tailed weasel,Museum specimen,12/3/1929,NA,41.4297,-81.3906,1414.21,,
ODNR (Diversity Database),NA,17925,Long-tailed weasel,Museum specimen,8/3/1981,NA,41.3383,-81.3775,8046.72,,
ODNR (Diversity Database),NA,13221,Long-tailed weasel,Museum specimen,5/29/1930,NA,41.6291,-81.3617,1414.21,,
ODNR (Diversity Database),NA,13222,Long-tailed weasel,Museum specimen,5/30/1930,NA,41.6291,-81.3617,1414.21,,
ODNR (Diversity Database),NA,13223,Long-tailed weasel,Museum specimen,6/3/1930,NA,41.6291,-81.3617,1414.21,,
ODNR (Diversity Database),NA,13224,Long-tailed weasel,Museum specimen,6/3/1930,NA,41.6291,-81.3617,1414.21,,
ODNR (Diversity Database),NA,13728,Long-tailed weasel,Museum specimen,7/5/1935,NA,41.6662,-81.3396,1609.34,,
ODNR (Diversity Database),NA,13886,Long-tailed weasel,Museum specimen,7/22/1974,NA,41.6663,-81.3396,1609.34,,
ODNR (Diversity Database),NA,13264,Long-tailed weasel,Museum specimen,12/22/1930,NA,41.6291,-81.3072,1609.34,,
ODNR (Diversity Database),NA,13265,Long-tailed weasel,Museum specimen,12/22/1930,NA,41.6291,-81.3072,1609.34,,
ODNR (Diversity Database),NA,13336,Long-tailed weasel,Museum specimen,8/2/1933,NA,41.6291,-81.3072,1609.34,,
ODNR (Diversity Database),NA,13337,Long-tailed weasel,Museum specimen,8/2/1933,NA,41.6291,-81.3072,1609.34,,
ODNR (Diversity Database),NA,13354,Long-tailed weasel,Museum specimen,1/2/1934,NA,41.6291,-81.3072,1609.34,,
ODNR (Diversity Database),NA,14356,Long-tailed weasel,Museum specimen,10/31/1938,NA,41.6139,-81.3,4828.03,,
ODNR (Diversity Database),NA,14357,Long-tailed weasel,Museum specimen,10/31/1938,NA,41.6139,-81.3,4828.03,,
ODNR (Diversity Database),NA,14531,Long-tailed weasel,Museum specimen,8/30/1987,NA,41.6139,-81.3,4828.03,,
ODNR (Diversity Database),NA,13891,Long-tailed weasel,Museum specimen,NA,NA,41.725,-81.2456,1609.34,,
ODNR (Diversity Database),NA,10029,Long-tailed weasel,Museum specimen,NA,NA,41.4633,-81.2442,1414.21,,
ODNR (Diversity Database),NA,8838,Long-tailed weasel,Museum specimen,7/21/1983,NA,41.5222,-81.2006,1609.34,,
ODNR (Diversity Database),NA,17829,Long-tailed weasel,Museum specimen,11/29/1930,NA,41.2056,-81.1478,1414.21,,
ODNR (Diversity Database),NA,17830,Long-tailed weasel,Museum specimen,11/29/1930,NA,41.2056,-81.1478,1414.21,,
ODNR (Diversity Database),NA,17831,Long-tailed weasel,Museum specimen,11/29/1930,NA,41.2056,-81.1478,1414.21,,
ODNR (Diversity Database),NA,17832,Long-tailed weasel,Museum specimen,11/29/1930,NA,41.2056,-81.1478,1414.21,,
ODNR (Diversity Database),NA,17838,Long-tailed weasel,Museum specimen,1/28/1931,NA,41.2056,-81.1478,1414.21,,
ODNR (Diversity Database),NA,17840,Long-tailed weasel,Museum specimen,8/19/1932,NA,41.2056,-81.1478,1414.21,,
ODNR (Diversity Database),NA,17841,Long-tailed weasel,Museum specimen,8/19/1932,NA,41.2056,-81.1478,1414.21,,
ODNR (Diversity Database),NA,17842,Long-tailed weasel,Museum specimen,8/19/1932,NA,41.2056,-81.1478,1414.21,,
ODNR (Diversity Database),NA,17843,Long-tailed weasel,Museum specimen,8/19/1932,NA,41.2056,-81.1478,1414.21,,
ODNR (Diversity Database),NA,17846,Long-tailed weasel,Museum specimen,8/26/1932,NA,41.2056,-81.1478,1414.21,,
ODNR (Diversity Database),NA,17849,Long-tailed weasel,Museum specimen,10/30/1932,NA,41.2056,-81.1478,1414.21,,
ODNR (Diversity Database),NA,17851,Long-tailed weasel,Museum specimen,11/30/1932,NA,41.2056,-81.1478,1414.21,,
ODNR (Diversity Database),NA,17852,Long-tailed weasel,Museum specimen,11/30/1932,NA,41.2056,-81.1478,1414.21,,
ODNR (Diversity Database),NA,9179,Long-tailed weasel,Museum specimen,9/16/1980,NA,41.6372,-81.145,402.336,,
ODNR (Diversity Database),NA,1048,Long-tailed weasel,Museum specimen,1/1/1979,NA,41.8056,-80.9486,1609.34,,
ODNR (Diversity Database),NA,1049,Long-tailed weasel,Museum specimen,11/1/1979,NA,41.8056,-80.9486,1609.34,,
ODNR (Diversity Database),NA,1469,Long-tailed weasel,Museum specimen,1/1/1968,NA,41.6789,-80.9484,4828.03,,
ODNR (Diversity Database),NA,12905,Long-tailed weasel,Museum specimen,11/2/1991,NA,40.4447,-80.8428,402.336,,
ODNR (Diversity Database),NA,12906,Long-tailed weasel,Museum specimen,11/4/1991,NA,40.4447,-80.8428,402.336,,
ODNR (Diversity Database),NA,19923,Long-tailed weasel,Museum specimen,NA,NA,41.2375,-80.8186,4828.03,,
ODNR (Diversity Database),NA,1558,Long-tailed weasel,Museum specimen,11/1/1983,NA,41.89,-80.7558,S7,,
ODNR (Diversity Database),NA,1559,Long-tailed weasel,Museum specimen,11/1/1983,NA,41.89,-80.7558,S7,,
ODNR (Diversity Database),NA,1563,Long-tailed weasel,Museum specimen,1/1/1986,NA,41.89,-80.7558,S7,,
ODNR (Diversity Database),NA,1564,Long-tailed weasel,Museum specimen,1/1/1986,NA,41.89,-80.7558,S7,,
ODNR (Diversity Database),NA,19962,Long-tailed weasel,Museum specimen,12/1/1974,NA,41.3153,-80.755,S7,,
ODNR (Diversity Database),NA,19963,Long-tailed weasel,Museum specimen,12/1/1974,NA,41.3153,-80.755,S7,,
ODNR (Diversity Database),NA,1094,Long-tailed weasel,Museum specimen,11/20/1978,NA,41.7933,-80.6861,1414.21,,
ODNR (Diversity Database),NA,19921,Long-tailed weasel,Museum specimen,11/28/1975,NA,41.2375,-80.6661,4828.03,,
ODNR (Diversity Database),NA,15393,Long-tailed weasel,Museum specimen,NA,NA,40.9128,-80.5308,1609.34,,
ODNR (Diversity Database),NA,19896,Long-tailed weasel,Museum specimen,12/16/1974,NA,41.1514,-80.5042,4828.03,,
ODNR (Diversity Database),NA,1252566,Long-tailed weasel,Museum specimen,4/19/2003,NA,NA,NA,NA,,
ODNR (Diversity Database),NA,1899599,Long-tailed weasel,Museum specimen,4/9/2013,NA,NA,NA,NA,,
ODNR (Diversity Database),NA,35943,Least weasel,Museum specimen,NA,NA,39.450138,-82.199598,60.96,,
ODNR (Diversity Database),NA,19747,Least weasel,Museum specimen,4/12/1905,NA,41.1819,-81.5844,1414.21,,
ODNR (Diversity Database),NA,17919,Least weasel,Museum specimen,10/25/1905,NA,41.0233,-81.3472,1414.21,,
ODNR (Diversity Database),NA,7134,Least weasel,Museum specimen,3/22/1909,NA,41.4497,-82.7072,4828.03,,
ODNR (Diversity Database),NA,6968,Least weasel,Museum specimen,1/31/1911,NA,41.3254,-82.4934,1609.34,,
ODNR (Diversity Database),NA,4223,Least weasel,Museum specimen,12/1/1920,NA,40.7876,-82.7365,1609.34,,
ODNR (Diversity Database),NA,11713,Least weasel,Museum specimen,12/1/1922,NA,41.0444,-83.6503,4828.03,,
ODNR (Diversity Database),NA,13968,Least weasel,Museum specimen,3/31/1924,NA,41.5986,-81.4186,1609.34,,
ODNR (Diversity Database),NA,12802,Least weasel,Museum specimen,12/10/1925,NA,41.2442,-82.6964,1609.34,,
ODNR (Diversity Database),NA,11767,Least weasel,Museum specimen,12/19/1927,NA,40.9983,-83.665,S7,,
ODNR (Diversity Database),NA,11708,Least weasel,Museum specimen,3/9/1927,NA,41.3762,-83.6517,4828.03,,
ODNR (Diversity Database),NA,11714,Least weasel,Museum specimen,11/19/1928,NA,41.0444,-83.6503,4828.03,,
ODNR (Diversity Database),NA,21076,Least weasel,Museum specimen,4/5/1928,NA,41.4692,-83.4947,4828.03,,
ODNR (Diversity Database),NA,21054,Least weasel,Museum specimen,11/28/1929,NA,41.5036,-84.4142,1414.21,,
ODNR (Diversity Database),NA,15273,Least weasel,Museum specimen,11/26/1929,NA,41.5586,-83.7331,1414.21,,
ODNR (Diversity Database),NA,11768,Least weasel,Museum specimen,11/16/1929,NA,40.9983,-83.665,S7,,
ODNR (Diversity Database),NA,11769,Least weasel,Museum specimen,12/27/1929,NA,40.9983,-83.665,S7,,
ODNR (Diversity Database),NA,21081,Least weasel,Museum specimen,11/26/1929,NA,41.3762,-83.6517,4828.03,,
ODNR (Diversity Database),NA,5806,Least weasel,Museum specimen,10/1/1929,NA,40.2885,-81.6831,1414.21,,
ODNR (Diversity Database),NA,13216,Least weasel,Museum specimen,12/6/1929,NA,41.6291,-81.3617,1414.21,,
ODNR (Diversity Database),NA,13262,Least weasel,Museum specimen,12/6/1929,NA,41.6291,-81.3072,1609.34,,
ODNR (Diversity Database),NA,11770,Least weasel,Museum specimen,1/2/1930,NA,40.9983,-83.665,S7,,
ODNR (Diversity Database),NA,11771,Least weasel,Museum specimen,1/5/1930,NA,40.9983,-83.665,S7,,
ODNR (Diversity Database),NA,11772,Least weasel,Museum specimen,1/12/1930,NA,40.9983,-83.665,S7,,
ODNR (Diversity Database),NA,11773,Least weasel,Museum specimen,2/1/1930,NA,40.9983,-83.665,S7,,
ODNR (Diversity Database),NA,21082,Least weasel,Museum specimen,1/12/1930,NA,41.3762,-83.6517,4828.03,,
ODNR (Diversity Database),NA,21083,Least weasel,Museum specimen,3/29/1930,NA,41.3762,-83.6517,4828.03,,
ODNR (Diversity Database),NA,21084,Least weasel,Museum specimen,11/17/1930,NA,41.3762,-83.6517,4828.03,,
ODNR (Diversity Database),NA,21085,Least weasel,Museum specimen,12/10/1930,NA,41.3762,-83.6517,4828.03,,
ODNR (Diversity Database),NA,11712,Least weasel,Museum specimen,3/15/1930,NA,40.915,-83.6503,4828.03,,
ODNR (Diversity Database),NA,21156,Least weasel,Museum specimen,2/17/1930,NA,41.2983,-83.5906,4828.03,,
ODNR (Diversity Database),NA,18287,Least weasel,Museum specimen,4/10/1930,NA,39.2381,-83.2203,1414.21,,
ODNR (Diversity Database),NA,6952,Least weasel,Museum specimen,3/21/1930,NA,40.2783,-83.0075,S7,,
ODNR (Diversity Database),NA,7172,Least weasel,Museum specimen,2/1/1930,NA,39.8458,-82.6006,1609.34,,
ODNR (Diversity Database),NA,12725,Least weasel,Museum specimen,1/5/1930,NA,39.4964,-82.4758,S7,,
ODNR (Diversity Database),NA,12726,Least weasel,Museum specimen,1/5/1930,NA,39.4964,-82.4758,S7,,
ODNR (Diversity Database),NA,15252,Least weasel,Museum specimen,1/2/1930,NA,41.1694,-82.2189,1609.34,,
ODNR (Diversity Database),NA,17834,Least weasel,Museum specimen,12/15/1930,NA,41.2056,-81.1478,1414.21,,
ODNR (Diversity Database),NA,17837,Least weasel,Museum specimen,12/26/1930,NA,41.2056,-81.1478,1414.21,,
ODNR (Diversity Database),NA,21077,Least weasel,Museum specimen,2/14/1931,NA,41.3762,-83.5933,4828.03,,
ODNR (Diversity Database),NA,8744,Least weasel,Museum specimen,1/31/1931,NA,39.2444,-82.4372,8046.72,,
ODNR (Diversity Database),NA,21086,Least weasel,Museum specimen,1/1/1932,NA,41.3762,-83.6517,4828.03,,
ODNR (Diversity Database),NA,4737,Least weasel,Museum specimen,10/1/1932,NA,41.5203,-81.5564,1609.34,,
ODNR (Diversity Database),NA,17844,Least weasel,Museum specimen,8/19/1932,NA,41.2056,-81.1478,1414.21,,
ODNR (Diversity Database),NA,17845,Least weasel,Museum specimen,8/19/1932,NA,41.2056,-81.1478,1414.21,,
ODNR (Diversity Database),NA,17847,Least weasel,Museum specimen,10/6/1932,NA,41.2056,-81.1478,1414.21,,
ODNR (Diversity Database),NA,17848,Least weasel,Museum specimen,10/6/1932,NA,41.2056,-81.1478,1414.21,,
ODNR (Diversity Database),NA,11774,Least weasel,Museum specimen,1/5/1933,NA,40.9983,-83.665,S7,,
ODNR (Diversity Database),NA,11764,Least weasel,Museum specimen,3/23/1933,NA,41.1386,-83.6495,1414.21,,
ODNR (Diversity Database),NA,19703,Least weasel,Museum specimen,1/4/1933,NA,41.0819,-81.5192,4828.03,,
ODNR (Diversity Database),NA,4403,Least weasel,Museum specimen,2/19/1933,NA,41.4297,-81.3906,1414.21,,
ODNR (Diversity Database),NA,4404,Least weasel,Museum specimen,11/20/1933,NA,41.4297,-81.3906,1414.21,,
ODNR (Diversity Database),NA,8835,Least weasel,Museum specimen,11/20/1933,NA,41.4297,-81.3906,1414.21,,
ODNR (Diversity Database),NA,13315,Least weasel,Museum specimen,2/3/1933,NA,41.6291,-81.3072,1609.34,,
ODNR (Diversity Database),NA,13350,Least weasel,Museum specimen,12/10/1933,NA,41.6291,-81.3072,1609.34,,
ODNR (Diversity Database),NA,13351,Least weasel,Museum specimen,12/10/1933,NA,41.6291,-81.3072,1609.34,,
ODNR (Diversity Database),NA,4162,Least weasel,Museum specimen,6/25/1934,NA,40.8897,-80.8504,1609.34,,
ODNR (Diversity Database),NA,17804,Least weasel,Museum specimen,4/26/1936,NA,41.3475,-81.39,4828.03,,
ODNR (Diversity Database),NA,17810,Least weasel,Museum specimen,4/26/1936,NA,41.3303,-81.3861,1609.34,,
ODNR (Diversity Database),NA,5596,Least weasel,Museum specimen,5/4/1936,NA,NA,NA,NA,,
ODNR (Diversity Database),NA,5597,Least weasel,Museum specimen,5/4/1936,NA,NA,NA,NA,,
ODNR (Diversity Database),NA,21089,Least weasel,Museum specimen,2/23/1937,NA,41.3762,-83.6517,4828.03,,
ODNR (Diversity Database),NA,5793,Least weasel,Museum specimen,10/1/1937,NA,41.4158,-81.9236,1609.34,,
ODNR (Diversity Database),NA,16996,Least weasel,Museum specimen,11/30/1938,NA,41.1817,-84.7408,1414.21,,
ODNR (Diversity Database),NA,16997,Least weasel,Museum specimen,11/30/1938,NA,41.1817,-84.7408,1414.21,,
ODNR (Diversity Database),NA,20881,Least weasel,Museum specimen,12/22/1938,NA,39.4156,-81.5775,4828.03,,
ODNR (Diversity Database),NA,3530,Least weasel,Museum specimen,12/28/1939,NA,38.9486,-84.2803,1414.21,,
ODNR (Diversity Database),NA,19574,Least weasel,Museum specimen,1/7/1939,NA,40.4681,-84.1806,1414.21,,
ODNR (Diversity Database),NA,19255,Least weasel,Museum specimen,11/14/1939,NA,41.2464,-83.2361,1414.21,,
ODNR (Diversity Database),NA,19256,Least weasel,Museum specimen,11/14/1939,NA,41.2464,-83.2361,1414.21,,
ODNR (Diversity Database),NA,19258,Least weasel,Museum specimen,11/27/1939,NA,41.2464,-83.2361,1414.21,,
ODNR (Diversity Database),NA,19259,Least weasel,Museum specimen,11/27/1939,NA,41.2464,-83.2361,1414.21,,
ODNR (Diversity Database),NA,7646,Least weasel,Museum specimen,3/3/1939,NA,39.0503,-83.0567,1414.21,,
ODNR (Diversity Database),NA,8099,Least weasel,Museum specimen,2/9/1939,NA,39.9611,-82.9989,S7,,
ODNR (Diversity Database),NA,8100,Least weasel,Museum specimen,2/9/1939,NA,39.9611,-82.9989,S7,,
ODNR (Diversity Database),NA,13030,Least weasel,Museum specimen,1/7/1939,NA,40.3936,-82.4857,4828.03,,
ODNR (Diversity Database),NA,13016,Least weasel,Museum specimen,12/21/1939,NA,40.4478,-82.2603,1414.21,,
ODNR (Diversity Database),NA,16441,Least weasel,Museum specimen,1/17/1939,NA,39.6495,-81.8624,1414.21,,
ODNR (Diversity Database),NA,14409,Least weasel,Museum specimen,11/24/1939,NA,41.6139,-81.3,4828.03,,
ODNR (Diversity Database),NA,14410,Least weasel,Museum specimen,11/24/1939,NA,41.6139,-81.3,4828.03,,
ODNR (Diversity Database),NA,17122,Least weasel,Museum specimen,12/15/1940,NA,41.0778,-84.7275,1414.21,,
ODNR (Diversity Database),NA,17123,Least weasel,Museum specimen,12/15/1940,NA,41.0778,-84.7275,1414.21,,
ODNR (Diversity Database),NA,11623,Least weasel,Museum specimen,2/5/1940,NA,39.1964,-84.5414,S7,,
ODNR (Diversity Database),NA,10911,Least weasel,Museum specimen,3/7/1940,NA,39.0656,-84.4233,1414.21,,
ODNR (Diversity Database),NA,21154,Least weasel,Museum specimen,3/5/1940,NA,41.3794,-83.7361,4828.03,,
ODNR (Diversity Database),NA,5921,Least weasel,Museum specimen,3/26/1942,NA,41.4742,-81.5371,1609.34,,
ODNR (Diversity Database),NA,8112,Least weasel,Museum specimen,2/22/1946,NA,39.9611,-82.9989,S7,,
ODNR (Diversity Database),NA,5663,Least weasel,Museum specimen,1/12/1947,NA,41.446,-81.4329,8046.72,,
ODNR (Diversity Database),NA,13017,Least weasel,Museum specimen,1/8/1948,NA,40.4814,-82.5411,1609.34,,
ODNR (Diversity Database),NA,12779,Least weasel,Museum specimen,11/29/1948,NA,40.6639,-82.1269,1414.21,,
ODNR (Diversity Database),NA,19676,Least weasel,Museum specimen,1/20/1949,NA,40.8903,-81.5978,1414.21,,
ODNR (Diversity Database),NA,19677,Least weasel,Museum specimen,1/20/1949,NA,40.8903,-81.5978,1414.21,,
ODNR (Diversity Database),NA,7374,Least weasel,Museum specimen,12/12/1950,NA,39.7189,-82.6458,1414.21,,
ODNR (Diversity Database),NA,17231,Least weasel,Museum specimen,1/7/1950,NA,39.735,-82.2361,S7,,
ODNR (Diversity Database),NA,20771,Least weasel,Museum specimen,11/25/1951,NA,39.2794,-84.1119,1414.21,,
ODNR (Diversity Database),NA,3034,Least weasel,Museum specimen,3/10/1951,NA,40.1806,-83.725,1609.34,,
ODNR (Diversity Database),NA,13029,Least weasel,Museum specimen,3/3/1951,NA,40.3469,-82.6303,1414.21,,
ODNR (Diversity Database),NA,20760,Least weasel,Museum specimen,1/10/1953,NA,39.4297,-84.1672,S7,,
ODNR (Diversity Database),NA,7711,Least weasel,Museum specimen,12/27/1954,NA,39.6186,-83.3322,1609.34,,
ODNR (Diversity Database),NA,2901,Least weasel,Museum specimen,12/24/1955,NA,39.4804,-84.5522,8046.72,,
ODNR (Diversity Database),NA,6930,Least weasel,Museum specimen,10/18/1955,NA,40.1419,-82.9294,1609.34,,
ODNR (Diversity Database),NA,6931,Least weasel,Museum specimen,10/18/1955,NA,40.1419,-82.9294,1609.34,,
ODNR (Diversity Database),NA,6932,Least weasel,Museum specimen,10/18/1955,NA,40.1419,-82.9294,1609.34,,
ODNR (Diversity Database),NA,15111,Least weasel,Museum specimen,11/25/1955,NA,39.9619,-82.4914,1609.34,,
ODNR (Diversity Database),NA,4026,Least weasel,Museum specimen,11/1/1956,NA,39.0522,-84.1503,S7,,
ODNR (Diversity Database),NA,1819,Least weasel,Museum specimen,6/24/1956,NA,39.3294,-82.1014,1609.34,,
ODNR (Diversity Database),NA,4172,Least weasel,Museum specimen,2/25/1956,NA,40.2925,-82.0311,1609.34,,
ODNR (Diversity Database),NA,4173,Least weasel,Museum specimen,2/25/1956,NA,40.2925,-82.0311,1609.34,,
ODNR (Diversity Database),NA,6138,Least weasel,Museum specimen,10/27/1956,NA,41.5358,-81.6597,S7,,
ODNR (Diversity Database),NA,17960,Least weasel,Museum specimen,2/27/1957,NA,39.7878,-84.7603,1414.21,,
ODNR (Diversity Database),NA,8200,Least weasel,Museum specimen,2/21/1957,NA,40.066,-83.1137,1609.34,,
ODNR (Diversity Database),NA,8251,Least weasel,Museum specimen,11/23/1958,NA,39.9064,-83.1544,4828.03,,
ODNR (Diversity Database),NA,6830,Least weasel,Museum specimen,10/20/1958,NA,40.2283,-83.0717,4828.03,,
ODNR (Diversity Database),NA,2660,Least weasel,Museum specimen,10/30/1959,NA,39.5072,-84.7636,1609.34,,
ODNR (Diversity Database),NA,2723,Least weasel,Museum specimen,11/15/1960,NA,39.5072,-84.7453,1609.34,,
ODNR (Diversity Database),NA,16015,Least weasel,Museum specimen,1/1/1960,NA,39.7592,-84.1917,S7,,
ODNR (Diversity Database),NA,16019,Least weasel,Museum specimen,11/13/1960,NA,39.7592,-84.1917,S7,,
ODNR (Diversity Database),NA,16020,Least weasel,Museum specimen,11/14/1960,NA,39.7592,-84.1917,S7,,
ODNR (Diversity Database),NA,8249,Least weasel,Museum specimen,1/2/1960,NA,39.8408,-83.1842,4828.03,,
ODNR (Diversity Database),NA,6953,Least weasel,Museum specimen,2/19/1961,NA,40.2783,-83.0075,S7,,
ODNR (Diversity Database),NA,8264,Least weasel,Museum specimen,1/20/1965,NA,40.0914,-82.9569,1609.34,,
ODNR (Diversity Database),NA,16216,Least weasel,Museum specimen,12/2/1966,NA,39.7039,-84.1153,8046.72,,
ODNR (Diversity Database),NA,10582,Least weasel,Museum specimen,5/21/1967,NA,39.8226,-84.0373,1609.34,,
ODNR (Diversity Database),NA,10585,Least weasel,Museum specimen,6/2/1967,NA,39.8226,-84.0373,1609.34,,
ODNR (Diversity Database),NA,10613,Least weasel,Museum specimen,9/16/1967,NA,39.685,-83.9297,1609.34,,
ODNR (Diversity Database),NA,16180,Least weasel,Museum specimen,8/8/1968,NA,39.8441,-84.125,1609.34,,
ODNR (Diversity Database),NA,10667,Least weasel,Museum specimen,3/27/1968,NA,39.6947,-83.8864,S7,,
ODNR (Diversity Database),NA,12773,Least weasel,Museum specimen,11/1/1968,NA,40.5614,-81.7944,1414.21,,
ODNR (Diversity Database),NA,11508,Least weasel,Museum specimen,2/1/1970,NA,39.24,-84.3601,4828.03,,
ODNR (Diversity Database),NA,15935,Least weasel,Museum specimen,7/14/1970,NA,39.7917,-84.2056,S7,,
ODNR (Diversity Database),NA,15701,Least weasel,Museum specimen,11/25/1970,NA,40.0387,-84.205,4828.03,,
ODNR (Diversity Database),NA,14979,Least weasel,Museum specimen,5/9/1970,NA,40.2332,-82.6069,1609.34,,
ODNR (Diversity Database),NA,2873,Least weasel,Museum specimen,2/1/1971,NA,39.4347,-84.7592,4828.03,,
ODNR (Diversity Database),NA,20757,Least weasel,Museum specimen,1/1/1971,NA,39.4356,-84.1833,1609.34,,
ODNR (Diversity Database),NA,10498,Least weasel,Museum specimen,1/4/1973,NA,39.7994,-83.8486,8046.72,,
ODNR (Diversity Database),NA,10597,Least weasel,Museum specimen,11/29/1973,NA,39.6581,-83.7351,1609.34,,
ODNR (Diversity Database),NA,18442,Least weasel,Museum specimen,12/8/1973,NA,39.4439,-82.8272,1414.21,,
ODNR (Diversity Database),NA,2021,Least weasel,Museum specimen,1/11/1973,NA,39.3083,-81.8947,8046.72,,
ODNR (Diversity Database),NA,4122,Least weasel,Museum specimen,8/7/1973,NA,40.7692,-80.7767,S7,,
ODNR (Diversity Database),NA,19894,Least weasel,Museum specimen,9/15/1973,NA,41.2611,-80.7681,60.96,,
ODNR (Diversity Database),NA,4164,Least weasel,Museum specimen,8/7/1973,NA,40.6905,-80.5748,4828.03,,
ODNR (Diversity Database),NA,2815,Least weasel,Museum specimen,10/10/1974,NA,39.5072,-84.7453,1609.34,,
ODNR (Diversity Database),NA,11369,Least weasel,Museum specimen,12/7/1974,NA,39.2393,-84.7369,1414.21,,
ODNR (Diversity Database),NA,16647,Least weasel,Museum specimen,2/7/1974,NA,41.5644,-83.2369,4828.03,,
ODNR (Diversity Database),NA,17292,Least weasel,Museum specimen,7/31/1974,NA,39.6933,-83.0539,1609.34,,
ODNR (Diversity Database),NA,7896,Least weasel,Museum specimen,2/4/1974,NA,39.9611,-82.9989,S7,,
ODNR (Diversity Database),NA,7897,Least weasel,Museum specimen,2/4/1974,NA,39.9611,-82.9989,S7,,
ODNR (Diversity Database),NA,13885,Least weasel,Museum specimen,7/1/1974,NA,41.6663,-81.3396,1609.34,,
ODNR (Diversity Database),NA,16120,Least weasel,Museum specimen,11/3/1975,NA,39.7592,-84.1917,S7,,
ODNR (Diversity Database),NA,16122,Least weasel,Museum specimen,7/13/1976,NA,39.7592,-84.1917,S7,,
ODNR (Diversity Database),NA,16123,Least weasel,Museum specimen,10/12/1976,NA,39.7592,-84.1917,S7,,
ODNR (Diversity Database),NA,16181,Least weasel,Museum specimen,11/16/1976,NA,39.8441,-84.125,1609.34,,
ODNR (Diversity Database),NA,2439,Least weasel,Museum specimen,2/4/1976,NA,38.9469,-83.9836,1414.21,,
ODNR (Diversity Database),NA,10036,Least weasel,Museum specimen,7/9/1977,NA,41.4952,-81.3409,1414.21,,
ODNR (Diversity Database),NA,15902,Least weasel,Museum specimen,11/23/1978,NA,39.7917,-84.2056,S7,,
ODNR (Diversity Database),NA,4160,Least weasel,Museum specimen,11/4/1978,NA,40.7719,-80.7685,1609.34,,
ODNR (Diversity Database),NA,18398,Least weasel,Museum specimen,1/1/1979,NA,39.45,-82.8083,402.336,,
ODNR (Diversity Database),NA,20954,Least weasel,Museum specimen,6/15/1979,NA,40.7233,-81.9211,4828.03,,
ODNR (Diversity Database),NA,9181,Least weasel,Museum specimen,7/2/1979,NA,41.6372,-81.145,60.96,,
ODNR (Diversity Database),NA,9106,Least weasel,Museum specimen,11/26/1979,NA,41.5644,-81.1442,60.96,,
ODNR (Diversity Database),NA,12663,Least weasel,Museum specimen,11/22/1980,NA,39.5398,-82.4072,1609.34,,
ODNR (Diversity Database),NA,9177,Least weasel,Museum specimen,5/3/1980,NA,41.6372,-81.145,60.96,,
ODNR (Diversity Database),NA,2875,Least weasel,Museum specimen,11/2/1981,NA,39.4338,-84.7611,1414.21,,
ODNR (Diversity Database),NA,15723,Least weasel,Museum specimen,1/11/1981,NA,39.6217,-81.2253,1414.21,,
ODNR (Diversity Database),NA,14530,Least weasel,Museum specimen,10/20/1985,NA,41.6139,-81.3,4828.03,,
ODNR (Diversity Database),NA,10083,Least weasel,Museum specimen,3/10/1988,NA,41.4637,-81.3403,4828.03,,
ODNR (Diversity Database),NA,2878,Least weasel,Museum specimen,2/16/1991,NA,39.4347,-84.7592,1609.34,,
ODNR (Diversity Database),NA,20134,Least weasel,Museum specimen,9/21/1993,NA,39.9614,-82.9992,S9,,
ODNR (Diversity Database),NA,1685385,Least weasel,Museum specimen,12/1/2002,NA,NA,NA,NA,,
ODNR (Diversity Database),NA,1245245,Least weasel,Museum specimen,12/11/2003,NA,NA,NA,NA,,
ODNR (Diversity Database),NA,1252616,Least weasel,Museum specimen,11/18/2004,NA,NA,NA,NA,,
ODNR (Diversity Database),NA,1250264,Least weasel,Museum specimen,7/20/2006,NA,41.245,-81.5793,0,,
ODNR (Diversity Database),NA,1250280,Least weasel,Museum specimen,9/15/2006,NA,41.1813,-81.3558,0,,
ODNR (Diversity Database),NA,1899603,Least weasel,Museum specimen,7/22/2007,NA,NA,NA,NA,,
ODNR (Diversity Database),NA,1636786,Least weasel,Museum specimen,11/4/2008,NA,41.15089,-82.0094,0,,
ODNR (Diversity Database),NA,1654358,Least weasel,Museum specimen,11/4/2008,NA,41.15089,-82.0094,0,,
ODNR (Diversity Database),NA,1899601,Least weasel,Museum specimen,6/23/2011,NA,NA,NA,NA,,
ODNR (Diversity Database),NA,1899602,Least weasel,Museum specimen,3/23/2015,NA,39.300299,-84.690299,402.336,,
ODNR (Diversity Database),NA,2866,Least weasel,Museum specimen,NA,NA,39.5072,-84.7453,1609.34,,
ODNR (Diversity Database),NA,6963,Least weasel,Museum specimen,NA,NA,40.2783,-83.0075,S7,,
ODNR (Diversity Database),NA,20153,Least weasel,Museum specimen,NA,NA,39.9614,-82.9992,S9,,
ODNR (Diversity Database),NA,7139,Least weasel,Museum specimen,NA,NA,41.4497,-82.7072,4828.03,,
ODNR (Diversity Database),NA,7140,Least weasel,Museum specimen,NA,NA,41.4497,-82.7072,4828.03,,
ODNR (Diversity Database),NA,19776,Least weasel,Museum specimen,NA,NA,41.1819,-81.5844,1414.21,,
ODNR (Diversity Database),NA,19777,Least weasel,Museum specimen,NA,NA,41.1819,-81.5844,1414.21,,
ODNR (Diversity Database),NA,15388,Least weasel,Museum specimen,NA,NA,41.0244,-80.8575,1414.21,,
ODNR (Diversity Database),NA,2118473,Unknown weasel,Museum specimen,6/30/2019,NA,41.1844,-81.653921,60.96,,
ODNR (Diversity Database),NA,23017606,Unknown weasel,Museum specimen,NA,NA,NA,NA,NA,,
ODNR (Diversity Database),NA,15975,Unknown weasel,Museum specimen,7/1/1956,NA,39.8225,-84.0372,1609.34,,
ODNR (Diversity Database),NA,10530,Unknown weasel,Museum specimen,10/3/1974,NA,39.7994,-83.8486,8046.72,,
ODNR (Diversity Database),NA,7685,Unknown weasel,Museum specimen,12/16/1949,NA,39.5428,-83.4403,1609.34,,
ODNR (Diversity Database),NA,16637,Unknown weasel,Museum specimen,5/1/1971,NA,41.4508,-82.9931,1609.34,,
ODNR (Sightings Website Old),NA,10544,Unknown weasel,Sighting report,4/29/2017,NA,40.267274,-84.332423,0,,
ODNR (Sightings Website Old),NA,10568,Long-tailed weasel,Sighting report,5/30/2016,NA,40.487886,-82.267193,0,,
ODNR (Sightings Website Old),NA,10911,Long-tailed weasel,Sighting report,6/18/2018,NA,41.54118526,-84.64769863,0,,
ODNR (Sightings Website Old),NA,13921,Long-tailed weasel,Sighting report,6/27/2019,NA,41.707508,-80.65046,0,,
ODNR (Sightings Website Old),NA,22371,Unknown weasel,Sighting report,6/13/2020,NA,41.060044,-81.747357,0,,"Description: ""unknown - long-tailed or short-tailed"""
ODNR (Sightings Website Old),NA,22747,Long-tailed weasel,Sighting report,6/29/2020,NA,39.255921,-82.057235,0,,
ODNR (Sightings Website Old),NA,23692,Least weasel,Sighting report,6/28/2020,NA,40.715182,-83.29938,0,,
ODNR (Sightings Website Old),NA,27964,Least weasel,Sighting report,4/8/2021,NA,41.841318,-81.016494,0,,
ODNR (Sightings Website Old),NA,33269,Long-tailed weasel,Sighting report,7/22/2021,NA,41.415682,-81.481165,0,,
ODNR (Sightings Website Old),NA,35464,Long-tailed weasel,Sighting report,7/18/2021,NA,39.948819,-80.855924,0,,
ODNR (Sightings Website Old),NA,40035,Long-tailed weasel,Sighting report,11/20/2021,NA,39.266883,-82.238905,0,,
ODNR (Sightings Website Old),NA,43454,Long-tailed weasel,Sighting report,12/19/2021,NA,39.66787953,-84.30936596,0,,
ODNR (Sightings Website Old),NA,46434,Long-tailed weasel,Sighting report,4/2/2022,NA,39.466461,-83.16798,0,,
ODNR (Sightings Website Old),NA,46453,Least weasel,Sighting report,4/4/2022,NA,41.384035,-81.420282,0,,
ODNR (Sightings Website Old),NA,48505,Long-tailed weasel,Sighting report,6/8/2022,NA,41.699815,-81.33907,0,,
ODNR (Sightings Website Old),NA,48527,Long-tailed weasel,Sighting report,6/14/2022,NA,39.035403,-84.333642,0,,
ODNR (Sightings Website Old),NA,48578,Unknown weasel,Sighting report,6/19/2022,NA,41.363234,-81.612379,0,,"Description: ""unknown - long-tailed or short-tailed"""
ODNR (Sightings Website Old),NA,48771,Long-tailed weasel,Sighting report,6/29/2022,NA,40.142458,-81.600709,0,,
ODNR (Sightings Website Old),NA,48847,Least weasel,Sighting report,7/5/2022,NA,39.955538,-81.288369,0,,
ODNR (Sightings Website Old),NA,51680,Long-tailed weasel,Sighting report,7/24/2022,NA,40.431583,-80.781659,0,,
ODNR (Sightings Website Old),NA,54364,Least weasel,Sighting report,10/7/2019,NA,41.682785,-83.877587,0,,
ODNR (Sightings Website Old),NA,54671,Long-tailed weasel,Sighting report,8/26/2022,NA,39.266763,-82.237875,0,,
ODNR (Sightings Website Old),NA,56561,Long-tailed weasel,Sighting report,10/2/2022,NA,39.047253,-83.52952,0,,
ODNR (Sightings Website Old),NA,56659,Long-tailed weasel,Sighting report,10/5/2022,NA,39.482266,-84.052014,0,,
ODNR (Sightings Website Old),NA,57824,Long-tailed weasel,Sighting report,10/16/2022,NA,39.604652,-82.593588,0,,
ODNR (Sightings Website Old),NA,60674,Least weasel,Sighting report,12/13/2022,NA,40.469181,-80.742048,0,,
ODNR (Sightings Website Old),NA,62107,Least weasel,Sighting report,1/16/2023,NA,39.434039,-82.800023,0,,
ODNR (Sightings Website Old),NA,62551,Long-tailed weasel,Sighting report,2/6/2023,NA,40.710784,-82.689667,0,,
ODNR (Sightings Website Old),NA,62916,Long-tailed weasel,Sighting report,2/23/2023,NA,41.697773,-81.166732,0,,
ODNR (Sightings Website Old),NA,65385,Unknown weasel,Sighting report,5/3/2023,NA,40.190551,-80.826068,0,,"Description: ""unknown - video is long-tailed, but photo looks like short-tailed?"""
ODNR (Sightings Website Old),NA,65607,Unknown weasel,Sighting report,5/21/2023,NA,40.914531,-81.469296,0,,
ODNR (Sightings Website Old),NA,11730,Unknown weasel,Sighting report,9/15/2018,NA,41.413024,-84.016427,0,,
ODNR (Sightings Website Old),NA,36620,Unknown weasel,Sighting report,8/11/2021,NA,41.596991,-84.59131,0,,
ODNR (Sightings Website Old),NA,62989,Unknown weasel,Sighting report,4/6/2023,NA,41.575036,-83.836515,0,,
ODNR (Sightings Website New),NA,17002-06012023,Long-tailed weasel,Sighting report,6/1/2023,NA,39.44580698400006,-84.64937099,0,,
ODNR (Sightings Website New),NA,83803-07182023,Long-tailed weasel,Sighting report,7/18/2023,NA,39.58450913000007,-82.43228179,0,,
ODNR (Sightings Website New),NA,28187-08062023,Unknown weasel,Sighting report,8/6/2023,NA,40.33755249600006,-84.11284031,0,,
ODNR (Sightings Website New),NA,93782-08122023,Long-tailed weasel,Sighting report,8/12/2023,NA,41.50389800000005,-81.492816,0,,
ODNR (Sightings Website New),NA,58524-07252023,Long-tailed weasel,Sighting report,7/25/2023,NA,41.258350000000064,-81.694882,0,,
ODNR (Sightings Website New),NA,44248-08052023,Long-tailed weasel,Sighting report,8/5/2023,NA,41.256290000000035,-81.728205,0,,
ODNR (Sightings Website New),NA,5089-04162023,Long-tailed weasel,Sighting report,4/16/2023,NA,41.199610000000064,-81.71905,0,,
ODNR (Sightings Website New),NA,799-04012020,Long-tailed weasel,Sighting report,4/1/2020,NA,41.36585000000008,-81.42039,0,,
ODNR (Sightings Website New),NA,62071-12162019,Least weasel,Sighting report,12/16/2019,NA,40.902810000000045,-81.34578,0,,
ODNR (Sightings Website New),NA,35909-12172021,Least weasel,Sighting report,12/17/2021,NA,40.902810000000045,-81.34578,0,,
ODNR (Sightings Website New),NA,56400-06132023,Long-tailed weasel,Sighting report,6/13/2023,NA,38.74697329300005,-83.40592465,0,,
ODNR (Sightings Website New),NA,66272-06292023,Long-tailed weasel,Sighting report,6/29/2023,NA,41.37805197600005,-81.42040524,0,,
ODNR (Sightings Website New),NA,92692-09052023,Long-tailed weasel,Sighting report,9/5/2023,NA,40.28957514700005,-82.95178062,0,,
ODNR (Sightings Website New),NA,6468-09092023,Long-tailed weasel,Sighting report,9/9/2023,NA,40.41232864500006,-80.73135201,0,,
ODNR (Sightings Website New),NA,91010-10022023,Long-tailed weasel,Sighting report,10/2/2023,NA,39.14046909800004,-83.43944737,0,,
ODNR (Sightings Website New),NA,69113-06252017,Long-tailed weasel,Sighting report,6/25/2017,NA,40.43244827800004,-81.98959919,0,,
ODNR (Sightings Website New),NA,41487-06012023,Long-tailed weasel,Sighting report,6/1/2023,NA,40.49887582300005,-82.70313431,0,,
ODNR (Sightings Website New),NA,26060-04012023,Short-tailed weasel,Sighting report,4/1/2023,NA,41.46656402000008,-81.09881198,0,,
ODNR (Sightings Website New),NA,75618-07082023,Least weasel,Sighting report,7/8/2023,NA,39.71637201000004,-84.23165801,0,,
ODNR (Sightings Website New),NA,77859-07062023,Unknown weasel,Sighting report,7/6/2023,NA,39.455569350000076,-81.49549161,0,,
ODNR (Sightings Website New),NA,68149-06012023,Long-tailed weasel,Sighting report,6/1/2023,NA,41.94390000000004,-80.55921,0,,
ODNR (Sightings Website New),NA,30662-12262021,Long-tailed weasel,Sighting report,12/26/2021,NA,39.697014000000024,-83.253489,0,,
ODNR (Sightings Website New),NA,15603-10022023,Long-tailed weasel,Sighting report,10/2/2023,NA,41.50721000000004,-83.79217,0,,
ODNR (Sightings Website New),NA,75041-01022024,Long-tailed weasel,Sighting report,1/2/2024,NA,40.04894300400008,-83.75364302,0,,
ODNR (Sightings Website New),NA,90697-01092024,Long-tailed weasel,Sighting report,1/9/2024,NA,41.23938238800008,-82.48142844,0,,
ODNR (Sightings Website New),NA,25006-06092023,Long-tailed weasel,Sighting report,6/9/2023,NA,39.256083027000045,-84.75306898,0,,
ODNR (Sightings Website New),NA,44763-09172023,Long-tailed weasel,Sighting report,9/17/2023,NA,40.423523817000046,-80.89225456,0,,
ODNR (Sightings Website New),NA,1086-01282024,Long-tailed weasel,Sighting report,1/28/2024,NA,41.238865332000046,-81.76331703,0,,
ODNR (Sightings Website New),NA,45123-05182023,Long-tailed weasel,Sighting report,5/18/2023,NA,40.33136122700006,-84.02087191,0,,
ODNR (Sightings Website New),NA,89476-05122022,Unknown weasel,Sighting report,5/12/2022,NA,41.73133248000005,-81.18758271,0,,
ODNR (Sightings Website New),NA,4848-02232024,Long-tailed weasel,Sighting report,2/23/2024,NA,40.146744402000024,-82.92895368,0,,
ODNR (Sightings Website New),NA,5765-02012024,Least weasel,Sighting report,2/1/2024,NA,41.10322000000008,-81.44087,0,,
ODNR (Sightings Website New),NA,75308-02252024,Least weasel,Sighting report,2/25/2024,NA,40.915405984000074,-83.41300901,0,,
ODNR (Sightings Website New),NA,87790-04182024,Long-tailed weasel,Sighting report,4/18/2024,NA,39.932731981000074,-81.65780999,0,,
ODNR (Sightings Website New),NA,83885-04252024,Least weasel,Sighting report,4/25/2024,NA,40.840773015000025,-81.11263298,0,,
ODNR (Sightings Website New),NA,1979-04262024,Long-tailed weasel,Sighting report,4/26/2024,NA,38.99067291600005,-81.77192414,0,,
ODNR (Sightings Website New),NA,10867-05012024,Long-tailed weasel,Sighting report,5/1/2024,NA,41.42107024300003,-82.00776913,0,,
ODNR (Sightings Website New),NA,74069-05182024,Long-tailed weasel,Sighting report,5/18/2024,NA,39.75974071100006,-84.00158027,0,,
ODNR (Sightings Website New),NA,53353-05302024,Long-tailed weasel,Sighting report,5/30/2024,NA,39.02956200700004,-83.95795903,0,,
ODNR (Sightings Website New),NA,29463-06112024,Long-tailed weasel,Sighting report,6/11/2024,NA,39.63278386600007,-84.04590929,0,,
ODNR (Sightings Website New),NA,11819-06122024,Unknown weasel,Sighting report,6/12/2024,NA,40.13648402000007,-82.34987599,0,,
ODNR (Sightings Website New),NA,69133-06222024,Unknown weasel,Sighting report,6/22/2024,NA,40.94458027200005,-80.87826989,0,,
ODNR (Sightings Website New),NA,64747-06212024,Unknown weasel,Sighting report,6/21/2024,NA,41.239876999000046,-81.66405601,0,,
ODNR (Sightings Website New),NA,62887-06282024,Long-tailed weasel,Sighting report,6/28/2024,NA,40.690659984000035,-80.91111957,0,,
ODNR (Sightings Website New),NA,89206-04012024,Long-tailed weasel,Sighting report,4/1/2024,NA,39.35498785200008,-82.01576583,0,,
ODNR (Sightings Website New),NA,15792-08032024,Least weasel,Sighting report,8/3/2024,NA,41.191152171000056,-81.36974937,0,,
ODNR (Sightings Website New),NA,23328-08042024,Unknown weasel,Sighting report,8/4/2024,NA,40.412138895000055,-82.41006821,0,,
ODNR (Sightings Website New),NA,76563-07252024,Long-tailed weasel,Sighting report,7/25/2024,NA,40.830584447000035,-81.26589278,0,,
ODNR (Sightings Website New),NA,53194-08232024,Long-tailed weasel,Sighting report,8/23/2024,NA,41.09618599100003,-81.71019403,0,,
ODNR (Sightings Website New),NA,74804-12012022,Short-tailed weasel,Sighting report,12/1/2022,NA,41.751623997000024,-80.667667,0,,
ODNR (Sightings Website New),NA,5380-10012024,Long-tailed weasel,Sighting report,10/1/2024,NA,39.74712347800005,-82.53889946,0,,
ODNR (Sightings Website New),NA,55291-11152024,Long-tailed weasel,Sighting report,11/15/2024,NA,39.37520412300006,-84.78220618,0,,
ODNR (Sightings Website New),NA,46107-05082023,Least weasel,Sighting report,5/8/2023,NA,40.41888182100007,-83.29810544,0,,
GBIF,UWYMV,897116625,Least weasel,Museum specimen,8/4/1966,NA,41.04417,-83.65,0,,
GBIF,"Ohio State University - Mammal Division, Columbus, OH (OSUM)",861701539,Long-tailed weasel,Museum specimen,1/18/1932,NA,40.85,-82.92,0,,
GBIF,"Ohio State University - Mammal Division, Columbus, OH (OSUM)",861701475,Long-tailed weasel,Museum specimen,2/2/1921,NA,40.56,-84.22,0,,
GBIF,"Ohio State University - Mammal Division, Columbus, OH (OSUM)",861701402,Long-tailed weasel,Museum specimen,1/22/1921,NA,40.56,-84.22,0,,
GBIF,"Ohio State University - Mammal Division, Columbus, OH (OSUM)",861701388,Long-tailed weasel,Museum specimen,2/7/1921,NA,40.56,-84.22,0,,
GBIF,"Ohio State University - Mammal Division, Columbus, OH (OSUM)",861701286,Least weasel,Museum specimen,1/31/1931,NA,38.83,-82.32,0,,
GBIF,"Ohio State University - Mammal Division, Columbus, OH (OSUM)",861701282,Least weasel,Museum specimen,2/1/1930,NA,39.75,-82.63,0,,
GBIF,"Ohio State University - Mammal Division, Columbus, OH (OSUM)",861701270,Least weasel,Museum specimen,1/2/1930,NA,41.47,-82.15,0,,
GBIF,"Ohio State University - Mammal Division, Columbus, OH (OSUM)",861701266,Least weasel,Museum specimen,4/10/1930,NA,39.2398,-83.2207,276.054,,
GBIF,"Ohio State University - Mammal Division, Columbus, OH (OSUM)",861701265,Least weasel,Museum specimen,3/21/1930,NA,40.28,-83.01,0,,
GBIF,"Ohio State University - Mammal Division, Columbus, OH (OSUM)",861701224,Long-tailed weasel,Museum specimen,12/23/1929,NA,39.75,-82.63,0,,
GBIF,"Ohio State University - Mammal Division, Columbus, OH (OSUM)",861701177,Long-tailed weasel,Museum specimen,5/27/1927,NA,39.41,-83.81,0,,
GBIF,"Ohio State University - Mammal Division, Columbus, OH (OSUM)",861701055,Least weasel,Museum specimen,4/18/1934,NA,39.75,-82.63,0,,
GBIF,"Ohio State University - Mammal Division, Columbus, OH (OSUM)",861700783,Least weasel,Museum specimen,11/22/1978,NA,41.13,-81.53,0,,
GBIF,"Ohio State University - Mammal Division, Columbus, OH (OSUM)",861700756,Long-tailed weasel,Museum specimen,7/11/1961,NA,40.53,-82.8,0,,
GBIF,"Ohio State University - Mammal Division, Columbus, OH (OSUM)",861700751,Long-tailed weasel,Museum specimen,8/14/1994,NA,40.09,-82.48,0,,
GBIF,"Ohio State University - Mammal Division, Columbus, OH (OSUM)",861700579,Least weasel,Museum specimen,8/7/1973,NA,40.77,-80.78,0,,
GBIF,"Ohio State University - Mammal Division, Columbus, OH (OSUM)",861700556,Long-tailed weasel,Museum specimen,NA,NA,40.2503,-83.0002,0,,
GBIF,"Ohio State University - Mammal Division, Columbus, OH (OSUM)",861700554,Long-tailed weasel,Museum specimen,10/1/1936,NA,41.36,-83.62,0,,
GBIF,"Ohio State University - Mammal Division, Columbus, OH (OSUM)",861700553,Least weasel,Museum specimen,2/4/1974,NA,39.97,-83.01,0,,
GBIF,"Ohio State University - Mammal Division, Columbus, OH (OSUM)",861700548,Least weasel,Museum specimen,2/4/1974,NA,39.97,-83.01,0,,
GBIF,"Ohio State University - Mammal Division, Columbus, OH (OSUM)",861700543,Long-tailed weasel,Museum specimen,4/1/1976,NA,40.59,-83.16,0,,
GBIF,"Ohio State University - Mammal Division, Columbus, OH (OSUM)",861700541,Least weasel,Museum specimen,1/7/1939,NA,40.23,-82.28,0,,
GBIF,"Ohio State University - Mammal Division, Columbus, OH (OSUM)",861700540,Least weasel,Museum specimen,3/5/1940,NA,41.36,-83.62,0,,
GBIF,"Ohio State University - Mammal Division, Columbus, OH (OSUM)",861700537,Least weasel,Museum specimen,8/7/1973,NA,40.77,-80.78,0,,
GBIF,"Ohio State University - Mammal Division, Columbus, OH (OSUM)",861700528,Least weasel,Museum specimen,1/7/1939,NA,40.33,-84.2,0,,
GBIF,"Ohio State University - Mammal Division, Columbus, OH (OSUM)",861700526,Least weasel,Museum specimen,1/11/1981,NA,39.73,-81.08,0,,
GBIF,"Ohio State University - Mammal Division, Columbus, OH (OSUM)",861700510,Least weasel,Museum specimen,1/17/1939,NA,39.61,-81.85,0,,
GBIF,"Ohio State University - Mammal Division, Columbus, OH (OSUM)",861699802,Long-tailed weasel,Museum specimen,3/8/1929,NA,39.75,-82.63,0,,
GBIF,"Ohio State University - Mammal Division, Columbus, OH (OSUM)",861698329,Long-tailed weasel,Museum specimen,NA,NA,40.203,-82.6912,200000,,
GBIF,"Ohio State University - Mammal Division, Columbus, OH (OSUM)",861698313,Long-tailed weasel,Museum specimen,6/19/1970,NA,40.14,-83.77,0,,
GBIF,"Ohio State University - Mammal Division, Columbus, OH (OSUM)",861698285,Long-tailed weasel,Museum specimen,8/12/1974,NA,40.14,-83.77,0,,
GBIF,"Ohio State University - Mammal Division, Columbus, OH (OSUM)",861698242,Long-tailed weasel,Museum specimen,12/1/1973,NA,40.23,-82.28,0,,
GBIF,"Ohio State University - Mammal Division, Columbus, OH (OSUM)",861698232,Long-tailed weasel,Museum specimen,12/1/1973,NA,40.23,-82.28,0,,
GBIF,"Ohio State University - Mammal Division, Columbus, OH (OSUM)",861698021,Least weasel,Museum specimen,12/8/1973,NA,39.33,-83.06,0,,
GBIF,"Ohio State University - Mammal Division, Columbus, OH (OSUM)",861697621,Long-tailed weasel,Museum specimen,1/7/1926,NA,41.1814,-81.5843,3036,,
GBIF,"Ohio State University - Mammal Division, Columbus, OH (OSUM)",861697139,Least weasel,Museum specimen,5/9/1970,NA,40.09,-82.48,0,,
GBIF,"Ohio State University - Mammal Division, Columbus, OH (OSUM)",861697084,Least weasel,Museum specimen,1/20/1965,NA,39.97,-83.01,0,,
GBIF,"Ohio State University - Mammal Division, Columbus, OH (OSUM)",861696691,Long-tailed weasel,Museum specimen,5/14/1969,NA,39.05,-84.15,0,,
GBIF,"Ohio State University - Mammal Division, Columbus, OH (OSUM)",861696671,Least weasel,Museum specimen,11/1/1968,NA,40.56,-81.93,0,,
GBIF,"Ohio State University - Mammal Division, Columbus, OH (OSUM)",861696329,Long-tailed weasel,Museum specimen,7/9/1964,NA,39.97,-83.01,0,,
GBIF,"Ohio State University - Mammal Division, Columbus, OH (OSUM)",861696200,Least weasel,Museum specimen,2/19/1961,NA,40.28,-83.01,0,,
GBIF,"Ohio State University - Mammal Division, Columbus, OH (OSUM)",861696160,Least weasel,Museum specimen,1/7/1950,NA,39.74,-82.24,0,,
GBIF,"Ohio State University - Mammal Division, Columbus, OH (OSUM)",861696130,Least weasel,Museum specimen,1/2/1960,NA,39.97,-83.01,0,,
GBIF,"Ohio State University - Mammal Division, Columbus, OH (OSUM)",861696091,Least weasel,Museum specimen,11/23/1958,NA,39.97,-83.01,0,,
GBIF,"Ohio State University - Mammal Division, Columbus, OH (OSUM)",861696080,Least weasel,Museum specimen,10/21/1958,NA,40.28,-83.01,0,,
GBIF,"Ohio State University - Mammal Division, Columbus, OH (OSUM)",861696050,Least weasel,Museum specimen,11/25/1955,NA,40.09,-82.48,0,,
GBIF,"Ohio State University - Mammal Division, Columbus, OH (OSUM)",861696034,Least weasel,Museum specimen,10/18/1955,NA,40.28,-83.01,0,,
GBIF,"Ohio State University - Mammal Division, Columbus, OH (OSUM)",861696019,Least weasel,Museum specimen,10/18/1955,NA,40.28,-83.01,0,,
GBIF,"Ohio State University - Mammal Division, Columbus, OH (OSUM)",861696004,Least weasel,Museum specimen,10/18/1955,NA,40.28,-83.01,0,,
GBIF,"Ohio State University - Mammal Division, Columbus, OH (OSUM)",861695994,Least weasel,Museum specimen,2/21/1957,NA,39.97,-83.01,0,,
GBIF,"Ohio State University - Mammal Division, Columbus, OH (OSUM)",861695776,Least weasel,Museum specimen,3/3/1951,NA,40.23,-82.28,0,,
GBIF,"Ohio State University - Mammal Division, Columbus, OH (OSUM)",861695716,Least weasel,Museum specimen,11/29/1948,NA,40.56,-81.93,0,,
GBIF,"Ohio State University - Mammal Division, Columbus, OH (OSUM)",861695518,Least weasel,Museum specimen,2/22/1946,NA,39.97,-83.01,0,,
GBIF,"Ohio State University - Mammal Division, Columbus, OH (OSUM)",861695487,Least weasel,Museum specimen,12/12/1950,NA,39.75,-82.63,0,,
GBIF,"Ohio State University - Mammal Division, Columbus, OH (OSUM)",861695472,Least weasel,Museum specimen,NA,NA,40.203,-82.6912,200000,,
GBIF,"Ohio State University - Mammal Division, Columbus, OH (OSUM)",861695432,Least weasel,Museum specimen,10/25/1905,NA,41.17,-81.2,0,,
GBIF,"Ohio State University - Mammal Division, Columbus, OH (OSUM)",861695428,Least weasel,Museum specimen,1/8/1948,NA,40.23,-82.28,0,,
GBIF,"Ohio State University - Mammal Division, Columbus, OH (OSUM)",861695405,Long-tailed weasel,Museum specimen,5/26/1905,NA,39.97,-83.01,0,,
GBIF,"Ohio State University - Mammal Division, Columbus, OH (OSUM)",861695393,Long-tailed weasel,Museum specimen,5/26/1905,NA,39.97,-83.01,0,,
GBIF,"Ohio State University - Mammal Division, Columbus, OH (OSUM)",861695341,Least weasel,Museum specimen,NA,NA,41.1814,-81.5843,3036,,
GBIF,"Ohio State University - Mammal Division, Columbus, OH (OSUM)",861695340,Long-tailed weasel,Museum specimen,NA,NA,39.97,-83.01,0,,
GBIF,"Ohio State University - Mammal Division, Columbus, OH (OSUM)",861695301,Least weasel,Museum specimen,NA,NA,40.28,-83.01,0,,
GBIF,"Ohio State University - Mammal Division, Columbus, OH (OSUM)",861695260,Long-tailed weasel,Museum specimen,5/26/1905,NA,39.97,-83.01,0,,
GBIF,"Ohio State University - Mammal Division, Columbus, OH (OSUM)",861695229,Long-tailed weasel,Museum specimen,5/26/1905,NA,39.97,-83.01,0,,
GBIF,"Ohio State University - Mammal Division, Columbus, OH (OSUM)",861695195,Least weasel,Museum specimen,NA,NA,41.1814,-81.5843,3036,,
GBIF,"Ohio State University - Mammal Division, Columbus, OH (OSUM)",861695192,Long-tailed weasel,Museum specimen,11/25/1901,NA,39.08,-83.07,0,,
GBIF,"Ohio State University - Mammal Division, Columbus, OH (OSUM)",861695155,Least weasel,Museum specimen,12/21/1939,NA,40.23,-82.28,0,,
GBIF,"Ohio State University - Mammal Division, Columbus, OH (OSUM)",861695136,Least weasel,Museum specimen,4/12/1905,NA,41.1814,-81.5843,3036,,
GBIF,"Ohio State University - Mammal Division, Columbus, OH (OSUM)",861695116,Long-tailed weasel,Museum specimen,7/20/1909,NA,41.1814,-81.5843,3036,,
GBIF,"Ohio State University - Mammal Division, Columbus, OH (OSUM)",861695097,Long-tailed weasel,Museum specimen,5/26/1905,NA,39.97,-83.01,0,,
GBIF,"Ohio State University - Mammal Division, Columbus, OH (OSUM)",861695094,Least weasel,Museum specimen,NA,NA,40.85,-82.92,0,,
GBIF,"Ohio State University - Mammal Division, Columbus, OH (OSUM)",861695092,Least weasel,Museum specimen,3/3/1939,NA,39.56,-83.45,0,,
GBIF,"Ohio State University - Mammal Division, Columbus, OH (OSUM)",861695091,Long-tailed weasel,Museum specimen,1/4/1907,NA,41.13,-83.13,0,,
GBIF,KU,686479003,Least weasel,Museum specimen,9/17/1969,NA,39.4526935,-84.0103756,0,,
GBIF,TCWC,675881794,Long-tailed weasel,Museum specimen,NA,NA,41.805054,-80.948149,0,,
GBIF,TCWC,675863793,Long-tailed weasel,Museum specimen,11/1/1996,NA,41.805054,-80.948149,0,,
GBIF,FMNH,665802872,Least weasel,Museum specimen,1930,NA,41.296154,-83.592331,0,,
GBIF,FMNH,665802329,Least weasel,Museum specimen,1929,NA,41.503948,-84.416145,0,,
GBIF,FMNH,665722917,Long-tailed weasel,Museum specimen,1943,NA,41.663948,-83.555229,0,,
GBIF,FMNH,665716695,Least weasel,Museum specimen,1929,NA,41.558655,-83.73304,0,,
GBIF,CAS,583466090,Long-tailed weasel,Museum specimen,3/22/1940,NA,39.1832974,-84.5330899,0,,
GBIF,FHSM,48062088,Long-tailed weasel,Museum specimen,NA,NA,41.658516,-80.861877,0,,
GBIF,FHSM,48062011,Long-tailed weasel,Museum specimen,NA,NA,41.801941,-81.049171,0,,
GBIF,FHSM,48061911,Long-tailed weasel,Museum specimen,NA,NA,40.49889,-83.107223,0,,
GBIF,FHSM,48061910,Long-tailed weasel,Museum specimen,11/25/1977,NA,41.904034,-80.554443,0,,
GBIF,FHSM,48061857,Long-tailed weasel,Museum specimen,NA,NA,41.805,-80.948334,0,,
GBIF,FHSM,48061805,Long-tailed weasel,Museum specimen,NA,NA,41.836391,-81.04528,0,,
GBIF,FHSM,48061804,Long-tailed weasel,Museum specimen,1/1/1977,NA,41.535,-80.868332,0,,
GBIF,FHSM,48061803,Long-tailed weasel,Museum specimen,NA,NA,41.661671,-80.978332,0,,
GBIF,FHSM,48061802,Long-tailed weasel,Museum specimen,NA,NA,41.60667,-80.572502,0,,
GBIF,FHSM,48061801,Long-tailed weasel,Museum specimen,NA,NA,41.60667,-80.572502,0,,
GBIF,FHSM,48061786,Long-tailed weasel,Museum specimen,NA,NA,41.535,-80.868332,0,,
GBIF,FHSM,48061785,Long-tailed weasel,Museum specimen,12/1/1976,NA,41.890804,-80.598534,0,,
GBIF,FHSM,48061781,Long-tailed weasel,Museum specimen,12/18/1976,NA,41.499607,-80.918037,0,,
GBIF,FHSM,48061780,Long-tailed weasel,Museum specimen,12/11/1976,NA,41.805,-80.948334,0,,
GBIF,LSUMZ,45874804,Long-tailed weasel,Museum specimen,11/11/1969,NA,41.4549648,-83.7167699,0,,
GBIF,UMMZ,1987354600,Least weasel,Museum specimen,8/19/1932,NA,41.2360687,-81.1488954,0,,
GBIF,UMMZ,1987350017,Least weasel,Museum specimen,NA,NA,41.0441702,-83.6497674,0,,
GBIF,UMMZ,1987347193,Least weasel,Museum specimen,12/27/1929,NA,41.0166705,-83.6664679,0,,
GBIF,UMMZ,1987345900,Least weasel,Museum specimen,10/6/1932,NA,41.2360687,-81.1488954,0,,
GBIF,UMMZ,1987341834,Least weasel,Museum specimen,11/26/1929,NA,41.3746659,-83.6511679,0,,
GBIF,UMMZ,1987340660,Least weasel,Museum specimen,NA,NA,41.0166705,-83.6664679,0,,
GBIF,UMMZ,1987329874,Least weasel,Museum specimen,12/6/1929,NA,41.6238638,-81.3069,0,,
GBIF,UMMZ,1987324920,Least weasel,Museum specimen,1/31/1911,NA,41.3222672,-82.4919642,0,,
GBIF,UMMZ,1987324910,Least weasel,Museum specimen,4/26/1936,NA,41.3048678,-81.3245004,0,,
GBIF,UMMZ,1987324478,Least weasel,Museum specimen,2/14/1931,NA,41.3759658,-83.7095696,0,,
GBIF,UMMZ,1987319408,Least weasel,Museum specimen,12/10/1933,NA,41.6238638,-81.3069,0,,
GBIF,UMMZ,1987318205,Least weasel,Museum specimen,3/15/1930,NA,40.9157719,-83.6506673,0,,
GBIF,UMMZ,1987312696,Least weasel,Museum specimen,3/29/1930,NA,41.3746659,-83.6511679,0,,
GBIF,UMMZ,1987312595,Least weasel,Museum specimen,11/30/1938,NA,41.1808674,-84.7404992,0,,
GBIF,UMMZ,1987311636,Least weasel,Museum specimen,NA,NA,41.4488655,-82.7078406,0,,
GBIF,UMMZ,1987310682,Least weasel,Museum specimen,12/10/1930,NA,41.3746659,-83.6511679,0,,
GBIF,UMMZ,1987309960,Least weasel,Museum specimen,2/9/1939,NA,39.9610861,-82.9986475,0,,
GBIF,UMMZ,1987304312,Least weasel,Museum specimen,1/2/1930,NA,41.0166705,-83.6664679,0,,
GBIF,UMMZ,1987304216,Least weasel,Museum specimen,11/14/1939,NA,41.2463678,-83.2355557,0,,
GBIF,UMMZ,1987301585,Least weasel,Museum specimen,11/24/1939,NA,41.6099639,-81.3155003,0,,
GBIF,UMMZ,1987293677,Least weasel,Museum specimen,12/15/1940,NA,41.0782688,-84.7263986,0,,
GBIF,UMMZ,1987281621,Least weasel,Museum specimen,12/10/1925,NA,41.2448681,-82.6966401,0,,
GBIF,UMMZ,1987269650,Least weasel,Museum specimen,3/23/1933,NA,41.1385689,-83.6491675,0,,
GBIF,UMMZ,1987255549,Least weasel,Museum specimen,11/20/1933,NA,41.4360661,-81.3864023,0,,
GBIF,UMMZ,1987239151,Least weasel,Museum specimen,NA,NA,41.4488655,-82.7078406,0,,
GBIF,UMMZ,1987235212,Least weasel,Museum specimen,4/5/1928,NA,41.4581649,-83.4874632,0,,
GBIF,UMMZ,1987234046,Least weasel,Museum specimen,5/4/1936,NA,41.519965,-81.4886053,0,,
GBIF,UMMZ,1987233950,Least weasel,Museum specimen,11/27/1939,NA,41.2463678,-83.2355557,0,,
GBIF,UMMZ,1987232527,Least weasel,Museum specimen,3/9/1927,NA,41.3746659,-83.6511679,0,,
GBIF,UMMZ,1987232457,Least weasel,Museum specimen,11/17/1930,NA,41.3746659,-83.6511679,0,,
GBIF,CUMV,1852482162,Least weasel,Museum specimen,1/20/1949,NA,40.889568,-81.597623,0,,
GBIF,CUMV,1852482148,Least weasel,Museum specimen,1/20/1949,NA,40.889568,-81.597623,0,,
GBIF,iNaturalist,1831103761,Least weasel,Sighting report,3/23/2015,13:48,39.301838,-84.688271,0,,
GBIF,SUI,1325917880,Least weasel,Museum specimen,2/1/1930,NA,41.37477,-83.6513,0,,
GBIF,SUI,1325917855,Least weasel,Museum specimen,2/1/1930,NA,41.37477,-83.6513,0,,
GBIF,UAZ,1262403875,Long-tailed weasel,Museum specimen,12/23/1964,NA,40.716566,-80.980568,0,,
GBIF,MVZ,1145876738,Long-tailed weasel,Museum specimen,12/29/1937,NA,39.4396938,-83.8364706,0,,
GBIF,MVZ,1145876719,Long-tailed weasel,Museum specimen,12/27/1937,NA,39.4396938,-83.8364706,0,,
GBIF,MSB,1145364367,Long-tailed weasel,Museum specimen,NA,NA,41.2331687,-81.5198061,0,,
GBIF,MSB,1145162061,Long-tailed weasel,Museum specimen,9/26/1943,NA,41.4738656,-81.5369067,0,,
GBIF,LACM,1065421268,Long-tailed weasel,Museum specimen,12/17/1939,NA,39.1618979,-84.4566877,0,,
GBIF,LACM,1065413191,Long-tailed weasel,Museum specimen,12/27/1932,NA,39.0500001,-84.1497789,0,,
GBIF,iNaturalist,1038333592,Least weasel,Sighting report,10/6/2014,13:37,39.183587,-82.4721,0,,
GBIF,iNaturalist,1038288445,Least weasel,Sighting report,6/6/2024,10:57,40.512875,-81.274605,0,,
iNaturalist,NA,9d358f9f-fc0e-48f6-a634-101b2fce7c0f,Long-tailed weasel,Sighting report,12/22/2014,NA,41.322744,-81.408666,2140,,Quality Grade: research
iNaturalist,NA,a767ab86-00e7-481a-9be9-7e8c3cd1a39f,Long-tailed weasel,Sighting report,1/17/2016,NA,41.00785114,-81.20433314,27847,,Quality Grade: research
iNaturalist,NA,e8e9cf46-9ccc-49f5-b3b2-42503d3e75b8,Long-tailed weasel,Sighting report,3/12/2019,NA,39.57252167,-82.03334717,50,,Quality Grade: research
iNaturalist,NA,1ba59ea0-89d8-440b-8630-775337e6e6df,Long-tailed weasel,Sighting report,3/27/2019,NA,41.33302565,-81.41658675,185,,Quality Grade: research
iNaturalist,NA,5f69dccc-75dc-4007-855e-7c5af547a252,Long-tailed weasel,Sighting report,5/7/2014,NA,40.82034338,-81.09619841,8,,Quality Grade: research
iNaturalist,NA,e75b6649-b331-4877-96cc-aa1f1e85a95a,Long-tailed weasel,Sighting report,11/5/2019,NA,39.5491605,-82.07700307,122,,Quality Grade: research
iNaturalist,NA,38ddbb52-d295-4e5a-a256-3560726e2232,Long-tailed weasel,Sighting report,3/12/2020,NA,40.52995,-82.69362,5,,Quality Grade: research
iNaturalist,NA,8f386102-252f-4122-9603-7df2ccb74810,Long-tailed weasel,Sighting report,3/22/2020,NA,41.32189382,-81.62571168,22,,Quality Grade: needs_id
iNaturalist,NA,f900d4ba-5f19-44e4-8c9b-aa92b3a6bfff,Long-tailed weasel,Sighting report,5/15/2020,NA,39.951585,-84.06549847,28030,,Quality Grade: research
iNaturalist,NA,942e3578-b771-417e-9e3c-38950d4bcfe8,Long-tailed weasel,Sighting report,6/11/2020,NA,39.79817227,-83.92293848,349,,Quality Grade: research
iNaturalist,NA,b55d07ff-ab5d-48ae-950f-c947cbf88a1b,Long-tailed weasel,Sighting report,9/20/2020,NA,41.19799881,-81.65015413,31,,Quality Grade: research
iNaturalist,NA,e02e37e7-8ab4-4b2d-ba49-f3c2eac408a8,Long-tailed weasel,Sighting report,3/27/2021,NA,41.77122491,-81.04981922,3129,,Quality Grade: research
iNaturalist,NA,01e1b27c-31ca-4b2f-bb96-259dcf2424b7,Long-tailed weasel,Sighting report,6/25/2017,NA,40.50376339,-81.85413959,27939,,Quality Grade: research
iNaturalist,NA,192b92c8-d30b-4df0-8ab4-944bd2e5229a,Long-tailed weasel,Sighting report,6/29/2021,NA,40.9970377,-81.6817344,221,,Quality Grade: needs_id
iNaturalist,NA,26a26acf-952a-48d5-adc5-3a90ddf54991,Long-tailed weasel,Sighting report,7/12/2021,NA,41.33208306,-81.41465556,185,,Quality Grade: needs_id
iNaturalist,NA,fd2b9ab2-3305-4950-aa87-f780fbf3160f,Long-tailed weasel,Sighting report,7/22/2021,NA,41.33208306,-81.41465556,185,,Quality Grade: needs_id
iNaturalist,NA,e61b7331-01ab-44f4-92ba-cedfe5d481e1,Long-tailed weasel,Sighting report,11/12/2021,NA,41.51189167,-81.61370833,35,,Quality Grade: casual
iNaturalist,NA,1d5ae3f4-f98f-4728-bfcc-44bfbfd8de61,Long-tailed weasel,Sighting report,12/17/2021,NA,40.81940062,-81.09667104,49,,Quality Grade: research
iNaturalist,NA,f7508cc4-ad29-440b-9e69-545c913bbbd6,Long-tailed weasel,Sighting report,11/7/2021,NA,39.90394234,-83.21525574,10130,,Quality Grade: research
iNaturalist,NA,df2bb2df-7432-46bd-abfa-7ee401164690,Long-tailed weasel,Sighting report,4/22/2022,NA,40.07316616,-83.21580928,57,,Quality Grade: research
iNaturalist,NA,1fe97143-2586-4611-85a7-04f2cfa99ec5,Long-tailed weasel,Sighting report,5/14/2022,NA,38.58939829,-82.24804579,17,,Quality Grade: research
iNaturalist,NA,69dab85d-bc60-457c-bc19-7d7b7199df0b,Long-tailed weasel,Sighting report,4/21/2022,NA,41.21534555,-81.41611741,171,,Quality Grade: needs_id
iNaturalist,NA,1fcf60c4-e3d9-41a8-a8ab-ec3cb5929089,Long-tailed weasel,Sighting report,6/6/2022,NA,39.12035,-84.80915,17,,Quality Grade: research
iNaturalist,NA,39959640-cefe-45b6-b3e5-7745aa81be4b,Long-tailed weasel,Sighting report,6/19/2022,NA,41.36360688,-81.6123802,247,,Quality Grade: research
iNaturalist,NA,0cc6f0b0-fda8-4333-b7bb-e7becb7875c5,Long-tailed weasel,Sighting report,6/19/2022,NA,41.36399246,-81.61246913,2,,Quality Grade: research
iNaturalist,NA,c41e2dcb-91b0-400f-9fc1-799e2245dac9,Long-tailed weasel,Sighting report,6/22/2022,NA,41.44200194,-81.18496246,6,,Quality Grade: research
iNaturalist,NA,e65463f9-57d4-497f-aa49-a1346e6fb124,Long-tailed weasel,Sighting report,6/16/2022,NA,40.15613883,-84.38442167,5,,Quality Grade: research
iNaturalist,NA,55ed7f9c-162a-4f0b-bd92-17dd508d0b9a,Long-tailed weasel,Sighting report,7/18/2022,NA,41.02506383,-82.09516117,5,,Quality Grade: research
iNaturalist,NA,7d984c27-8c7e-48de-be80-732443e3731e,Long-tailed weasel,Sighting report,7/4/2022,NA,40.79759351,-82.0315693,74,,Quality Grade: research
iNaturalist,NA,6da7cb55-3027-4504-8419-4e052316d20d,Long-tailed weasel,Sighting report,7/9/2022,NA,41.1511399,-81.5506922,216,,Quality Grade: needs_id
iNaturalist,NA,02fe6fd3-2d55-495f-8248-00d0615a2610,Long-tailed weasel,Sighting report,7/11/2022,NA,41.1511399,-81.5506922,216,,Quality Grade: research
iNaturalist,NA,0958613b-599a-4eb4-9379-c8c536d5e319,Long-tailed weasel,Sighting report,10/6/2022,NA,41.1511399,-81.5506922,216,,Quality Grade: research
iNaturalist,NA,85eef92f-01ec-4de6-89c0-94130d9dd6bc,Long-tailed weasel,Sighting report,7/18/2022,NA,41.3319478,-81.4125556,185,,Quality Grade: research
iNaturalist,NA,caa2e7a3-688e-4e09-bfde-d75397e6e087,Long-tailed weasel,Sighting report,6/13/2022,NA,41.3319478,-81.4125556,185,,Quality Grade: research
iNaturalist,NA,cc9e81de-c1c0-482e-ab7a-c83eb9f68108,Long-tailed weasel,Sighting report,6/14/2022,NA,41.3319478,-81.4125556,185,,Quality Grade: research
iNaturalist,NA,643d98e2-c97d-4aa1-ace5-7f08dc0d89ab,Long-tailed weasel,Sighting report,7/29/2022,NA,41.3319478,-81.4125556,185,,Quality Grade: research
iNaturalist,NA,5bdd4d92-0809-4e60-8247-1fb05046e747,Long-tailed weasel,Sighting report,12/18/2022,NA,41.03223738,-81.2636348,27847,,Quality Grade: needs_id
iNaturalist,NA,300bc95d-6ed5-4cc5-8eb9-9e6b5715b1a7,Long-tailed weasel,Sighting report,7/17/2022,NA,40.4330573,-81.98746091,NA,,Quality Grade: research
iNaturalist,NA,5d9c01bb-98df-4dc9-9b1e-d2a83a755750,Long-tailed weasel,Sighting report,6/15/2023,NA,41.0125358,-81.393876,190,,Quality Grade: research
iNaturalist,NA,1acf9872-0eeb-48e7-9759-3fa54b12712b,Long-tailed weasel,Sighting report,7/7/2023,NA,41.0125358,-81.393876,190,,Quality Grade: research
iNaturalist,NA,f2f853bd-9d46-4178-9ba9-c0e9a555d3a3,Long-tailed weasel,Sighting report,7/8/2023,NA,41.0125358,-81.393876,190,,Quality Grade: research
iNaturalist,NA,88c0d9cd-53e2-413e-b4a9-2b1b09f39bdd,Long-tailed weasel,Sighting report,7/15/2023,NA,41.0125358,-81.393876,190,,Quality Grade: research
iNaturalist,NA,120f0d23-0353-4419-aaa2-caf11121b2db,Long-tailed weasel,Sighting report,7/19/2023,NA,41.0125358,-81.393876,190,,Quality Grade: research
iNaturalist,NA,be203d84-f103-4b73-9db6-aade23d6e5f6,Long-tailed weasel,Sighting report,8/3/2023,NA,41.0125358,-81.393876,190,,Quality Grade: needs_id
iNaturalist,NA,23733e01-50b1-45d9-a410-e5ab4fbb5ca2,Long-tailed weasel,Sighting report,7/7/2023,NA,41.34183979,-81.43480775,27816,,Quality Grade: research
iNaturalist,NA,20f2fdde-b0d8-45ef-b2b5-f56857f6213d,Long-tailed weasel,Sighting report,9/9/2023,NA,39.52195439,-84.71139361,285,,Quality Grade: research
iNaturalist,NA,3f9eaa0e-37de-49d5-9256-a635c5c863ad,Long-tailed weasel,Sighting report,8/31/2023,NA,41.21025947,-81.55039769,791,,Quality Grade: research
iNaturalist,NA,6b7f34fc-32f2-4345-b50c-82083edae440,Long-tailed weasel,Sighting report,9/2/2023,NA,41.21025947,-81.55039769,791,,Quality Grade: research
iNaturalist,NA,35abe84f-8cdf-4706-be72-c1fa4e55b7b3,Long-tailed weasel,Sighting report,9/11/2023,NA,41.21521522,-81.54942105,615,,Quality Grade: research
iNaturalist,NA,570b189c-222c-4b30-a082-820a7fbf1d97,Long-tailed weasel,Sighting report,8/24/2023,NA,41.0125358,-81.393876,190,,Quality Grade: needs_id
iNaturalist,NA,6c8ee817-4c8d-4ced-931a-74bfacfb1187,Long-tailed weasel,Sighting report,8/24/2023,NA,41.0125358,-81.393876,190,,Quality Grade: research
iNaturalist,NA,960b9309-3c69-450e-8038-cc425e6a9a69,Long-tailed weasel,Sighting report,10/11/2023,NA,41.0125358,-81.393876,190,,Quality Grade: research
iNaturalist,NA,99a3aa8f-3627-4b41-b63c-fc7332a7e283,Long-tailed weasel,Sighting report,9/21/2023,NA,41.21521522,-81.54942105,615,,Quality Grade: research
iNaturalist,NA,a5418535-af6e-42c7-92eb-2167720c8d9f,Long-tailed weasel,Sighting report,10/5/2023,NA,41.21521522,-81.54942105,615,,Quality Grade: needs_id
iNaturalist,NA,fae17804-2142-4e9e-9a9c-dbc6b23bde50,Long-tailed weasel,Sighting report,3/1/2024,NA,40.9970377,-81.6817344,221,,Quality Grade: research
iNaturalist,NA,c5ecffe6-cf93-4658-9bd6-e9dcc0cfe7ed,Long-tailed weasel,Sighting report,2/26/2024,NA,40.9970377,-81.6817344,221,,Quality Grade: research
iNaturalist,NA,55f6b024-e6b1-4c14-b930-cc71d8b90bae,Long-tailed weasel,Sighting report,5/8/2024,NA,38.73681283,-83.18313765,28210,,Quality Grade: research
iNaturalist,NA,7a4510f4-9120-4570-8c4c-3938e7fe5d40,Long-tailed weasel,Sighting report,6/18/2024,NA,41.15268998,-81.55174498,204,,Quality Grade: needs_id
iNaturalist,NA,0c9f3203-2446-4d26-a464-43c77831c3db,Long-tailed weasel,Sighting report,6/23/2024,NA,41.1511399,-81.5506922,54,,Quality Grade: needs_id
iNaturalist,NA,e5a5fe17-0f41-4f2a-81a7-f860276c37b4,Long-tailed weasel,Sighting report,7/2/2024,NA,41.1511399,-81.5506922,54,,Quality Grade: needs_id
iNaturalist,NA,79fd35cf-22d1-4404-9767-0f7e1dbb207c,Long-tailed weasel,Sighting report,6/27/2024,NA,41.15126108,-81.55074588,29,,Quality Grade: research
iNaturalist,NA,388ceed7-984a-4666-bafd-eb4d9861737d,Long-tailed weasel,Sighting report,7/7/2024,NA,41.25358728,-81.61861123,15,,Quality Grade: needs_id
iNaturalist,NA,c191003e-0c77-4d37-ad59-9e513f7062d1,Long-tailed weasel,Sighting report,6/25/2024,NA,41.21521522,-81.54942105,615,,Quality Grade: needs_id
iNaturalist,NA,bf36fda7-be80-4097-bad8-b7f894a7f9f2,Long-tailed weasel,Sighting report,6/27/2024,NA,41.21521522,-81.54942105,615,,Quality Grade: needs_id
iNaturalist,NA,b5555872-b20b-4a57-85c5-a476afae2453,Long-tailed weasel,Sighting report,6/12/2024,NA,41.21521522,-81.54942105,615,,Quality Grade: needs_id
iNaturalist,NA,c3823533-97dd-430c-8474-6d941f8195cf,Long-tailed weasel,Sighting report,6/18/2024,NA,41.21521522,-81.54942105,615,,Quality Grade: needs_id
iNaturalist,NA,0a6d2b7b-eeca-448b-90e5-4ad3b1d53d11,Long-tailed weasel,Sighting report,7/6/2024,NA,41.21521522,-81.54942105,615,,Quality Grade: needs_id
iNaturalist,NA,abc86f99-aab9-4b82-abe7-4e42d57130f5,Long-tailed weasel,Sighting report,2/27/2024,NA,40.82207228,-81.09409239,15,,Quality Grade: research
iNaturalist,NA,8bfa51b9-0183-4616-ad90-d30b7cb36800,Long-tailed weasel,Sighting report,8/9/2024,NA,41.31278779,-81.58090368,27816,,Quality Grade: research
iNaturalist,NA,fdde6a75-dd7a-431a-9d19-48b77661b023,Long-tailed weasel,Sighting report,8/9/2024,NA,41.30833981,-81.42243134,27816,,Quality Grade: research
iNaturalist,NA,aad36690-7673-4af4-b41b-910df330e977,Long-tailed weasel,Sighting report,7/31/2024,NA,41.21158951,-81.43177724,27816,,Quality Grade: research
iNaturalist,NA,03db16d3-3ece-4f6e-9f9a-e5b9632f100a,Long-tailed weasel,Sighting report,8/2/2024,NA,41.33215558,-81.41176951,22,,Quality Grade: research
iNaturalist,NA,3831c190-5b1b-471d-8ed0-6ddaafa0846e,Long-tailed weasel,Sighting report,9/29/2023,NA,41.61846475,-83.5793486,9,,Quality Grade: casual
iNaturalist,NA,948c927f-7d52-464b-91b9-171457943d0a,Long-tailed weasel,Sighting report,7/10/2024,NA,41.09599495,-81.44241846,27847,,Quality Grade: needs_id
iNaturalist,NA,3fe34981-45a5-4a74-8313-57d9a5646148,Long-tailed weasel,Sighting report,7/31/2024,NA,41.02481629,-81.55549119,27847,,Quality Grade: needs_id
iNaturalist,NA,6ba5b29a-8b99-42d4-ae9b-3caa84a6f421,Long-tailed weasel,Sighting report,8/21/2024,NA,41.18287987,-81.48718521,27847,,Quality Grade: needs_id
iNaturalist,NA,e2c69053-f90a-4ab9-bf99-4573bd9c2dbd,Long-tailed weasel,Sighting report,9/6/2024,NA,41.38652388,-81.59333018,27816,,Quality Grade: research
iNaturalist,NA,da9316ad-39f1-494d-844d-96a01e4649da,Long-tailed weasel,Sighting report,7/28/2024,NA,41.29558718,-81.4983195,27816,,Quality Grade: needs_id
iNaturalist,NA,1c3d76f5-a912-4206-9740-4304cbbb4646,Long-tailed weasel,Sighting report,7/31/2024,NA,41.29442845,-81.58559396,27816,,Quality Grade: needs_id
iNaturalist,NA,52b9bd3d-7e58-4022-8327-df0a5c61a7b1,Long-tailed weasel,Sighting report,8/2/2024,NA,41.35106793,-81.47005701,27816,,Quality Grade: needs_id
iNaturalist,NA,1850e428-cab9-4644-b902-7536e9b8c9b2,Long-tailed weasel,Sighting report,8/3/2024,NA,41.24805271,-81.55649245,27816,,Quality Grade: needs_id
iNaturalist,NA,d914f53e-c29b-43a1-9e89-047700341897,Long-tailed weasel,Sighting report,8/9/2024,NA,41.34719655,-81.56109535,27816,,Quality Grade: research
iNaturalist,NA,057c2cab-0f06-4c39-8bcf-82368ce40d94,Long-tailed weasel,Sighting report,9/20/2024,NA,41.39724513,-81.41953146,27816,,Quality Grade: research
iNaturalist,NA,3a8b2da3-feec-4ac7-8579-395c1e9a86b8,Long-tailed weasel,Sighting report,12/21/2024,NA,39.80932,-83.897961,101,,Quality Grade: research
iNaturalist,NA,2e70b5ac-627f-4253-8c32-8935f6e21898,Least weasel,Sighting report,10/6/2014,NA,39.18358667,-82.4721,NA,,Quality Grade: research
iNaturalist,NA,4644b18d-9b74-4652-a997-b433fe0b7e18,Least weasel,Sighting report,3/23/2015,NA,39.30183792,-84.68827057,NA,,Quality Grade: research
iNaturalist,NA,6e832005-db27-4a58-852e-d56d1533f321,Least weasel,Sighting report,11/22/2015,NA,41.002658,-81.97541,100,,Quality Grade: research
iNaturalist,NA,f93fb279-32dd-473f-a2da-4abf92092b9c,Least weasel,Sighting report,5/16/2018,NA,41.18502005,-81.27308472,27847,,Quality Grade: research
iNaturalist,NA,54b10462-2bc9-4a8e-be08-3b484df3c726,Least weasel,Sighting report,7/4/2018,NA,41.39998147,-81.0541885,27816,,Quality Grade: research
iNaturalist,NA,e30dd926-8602-4cb3-8060-06f2172d9963,Least weasel,Sighting report,4/12/2022,NA,41.00682367,-81.68921002,1970,,Quality Grade: needs_id
iNaturalist,NA,91052260-04a0-4b52-89ed-7ffd38d2a279,Least weasel,Sighting report,8/29/2022,NA,41.3319478,-81.4125556,185,,Quality Grade: research
iNaturalist,NA,2a5a2cb1-b07b-4511-8bda-ba18b096d66a,Least weasel,Sighting report,12/6/2022,NA,41.16345524,-81.36900136,27847,,Quality Grade: research
iNaturalist,NA,c304ac79-76c9-4725-a4f5-5ef9635f626e,Least weasel,Sighting report,10/31/2022,NA,41.2129243,-81.417598,171,,Quality Grade: research
iNaturalist,NA,e407a820-e80c-4015-89f8-06a3f58d2198,Least weasel,Sighting report,11/5/2022,NA,41.2129243,-81.417598,171,,Quality Grade: research
iNaturalist,NA,2d5d67e7-c119-4320-a29d-0ec5b1cbde4b,Least weasel,Sighting report,12/14/2022,NA,41.2129243,-81.417598,171,,Quality Grade: research
iNaturalist,NA,9f74e62d-357c-4181-99b7-71c3731d7057,Least weasel,Sighting report,10/26/2022,NA,41.15121915,-81.55062783,31,,Quality Grade: research
iNaturalist,NA,4633bdb1-4ddc-49d5-98fc-ea341450d4bd,Least weasel,Sighting report,11/10/2022,NA,41.15121915,-81.55062783,31,,Quality Grade: research
iNaturalist,NA,0b7a5891-43f8-4e18-825b-ed79574579b3,Least weasel,Sighting report,10/7/2023,NA,40.87748,-81.584595,5,,Quality Grade: research
iNaturalist,NA,e2dce523-96e1-4a8e-8ee4-58f15e218ccf,Least weasel,Sighting report,7/5/2024,NA,41.33215558,-81.41176951,22,,Quality Grade: research
iNaturalist,NA,4e1b9e73-f26d-48c4-a525-629f8d2bc0c5,Short-tailed weasel,Sighting report,4/13/2019,NA,41.16525074,-81.43113437,27847,,Quality Grade: research
iNaturalist,NA,29b96cb7-9d2b-42ea-beac-31c3de4d23b4,Short-tailed weasel,Sighting report,6/29/2019,NA,40.6943553,-82.19077781,27908,,Quality Grade: research
iNaturalist,NA,26a2abc5-8286-4fa5-a721-651d2463e8a9,Short-tailed weasel,Sighting report,6/30/2020,NA,40.68952583,-84.168864,27908,,Quality Grade: research
iNaturalist,NA,a937c658-36e1-4b97-b05f-2d0fce3b04d9,Short-tailed weasel,Sighting report,6/29/2020,NA,41.44797995,-81.70497259,27785,,Quality Grade: research
iNaturalist,NA,f3441d20-117c-44a6-9e3f-dbbdef2694bb,Short-tailed weasel,Sighting report,6/15/2021,NA,41.21687097,-81.75567828,27816,,Quality Grade: research
iNaturalist,NA,d9ee82f9-c7c8-4c15-997f-626be7a29b05,Short-tailed weasel,Sighting report,6/14/2021,NA,39.440706,-84.10690013,28090,,Quality Grade: research
iNaturalist,NA,4260a7ef-1ece-4c3b-a031-19134d5088f1,Short-tailed weasel,Sighting report,5/21/2021,NA,40.46230267,-82.1948073,27939,,Quality Grade: research
iNaturalist,NA,f632c7fe-1b01-4af3-966a-42407e9ed557,Short-tailed weasel,Sighting report,5/21/2022,NA,41.39709967,-82.24953927,27816,,Quality Grade: research
iNaturalist,NA,222dbe94-59e5-470b-891a-b44989ee18ec,Short-tailed weasel,Sighting report,5/9/2023,NA,41.4313227,-82.61472132,27785,,Quality Grade: research
iNaturalist,NA,a21b83e5-67c8-4b2c-aa07-fcc328b530f1,Short-tailed weasel,Sighting report,5/27/2023,NA,40.37187582,-83.03586773,27969,,Quality Grade: research
iNaturalist,NA,4b283e75-678f-4b96-9d44-7d72a2966054,Short-tailed weasel,Sighting report,6/22/2023,NA,39.88663281,-81.98996395,28030,,Quality Grade: research
iNaturalist,NA,00db9e34-124c-4fa4-8875-fe28fe35a8e1,Short-tailed weasel,Sighting report,7/9/2024,NA,41.85649917,-80.71025411,27723,,Quality Grade: research
ODNR (Sightings Website New),NA,NA,Least weasel,Sighting report,2/14/2025,NA,40.51097,-82.38108,0,,"Provided by email by Katie Dennison, not in original spreadsheet."
Vertnet,LSUMZ,847e2306-f762-11e1-a439-00145eb45e9a,Long-tailed weasel,Museum specimen,11/11/1969,NA,41.455,-83.717,0,,
Vertnet,UAZ,96275bf2-8999-4869-95d5-4903a84391b0,Long-tailed weasel,Museum specimen,12/23/1964,NA,40.716566,-80.9806,0,,
Vertnet,UMMZ,6d2cfc0a-9903-40b8-802b-403398218e4a,Long-tailed weasel,Museum specimen,10/31/1938,NA,41.61,-81.3158,188,,
Vertnet,UMMZ,6d2cfc0a-9903-40b8-802b-403398218e4a,Least weasel,Museum specimen,2/14/1931,NA,41.376,-83.7098,6790,,
Vertnet,UMMZ,6d2cfc0a-9903-40b8-802b-403398218e4a,Least weasel,Museum specimen,11/20/1933,NA,41.4361,-81.3867,1637,,
Vertnet,FHSM,84e6e5f8-f762-11e1-a439-00145eb45e9a,Long-tailed weasel,Museum specimen,NA,NA,41.6066704,-80.5725,0,,
Vertnet,FHSM,84e6e5f8-f762-11e1-a439-00145eb45e9a,Long-tailed weasel,Museum specimen,12/11/1976,NA,41.8050003,-80.9483,0,,
Vertnet,UMMZ,6d2cfc0a-9903-40b8-802b-403398218e4a,Least weasel,Museum specimen,12/6/1929,NA,41.6239,-81.3072,188,,
Vertnet,UMMZ,6d2cfc0a-9903-40b8-802b-403398218e4a,Least weasel,Museum specimen,8/19/1932,NA,41.2361,-81.1492,188,,
Vertnet,UMMZ,6d2cfc0a-9903-40b8-802b-403398218e4a,Long-tailed weasel,Museum specimen,12/3/1929,NA,41.4361,-81.3867,1637,,
Vertnet,FHSM,84e6e5f8-f762-11e1-a439-00145eb45e9a,Long-tailed weasel,Museum specimen,NA,NA,41.6616707,-80.9783,0,,
Vertnet,FHSM,84e6e5f8-f762-11e1-a439-00145eb45e9a,Long-tailed weasel,Museum specimen,12/18/1976,NA,41.4996071,-80.918,0,,
Vertnet,UMMZ,6d2cfc0a-9903-40b8-802b-403398218e4a,Least weasel,Museum specimen,11/26/1929,NA,41.3747,-83.6514,2852,,
Vertnet,UMMZ,6d2cfc0a-9903-40b8-802b-403398218e4a,Least weasel,Museum specimen,11/27/1939,NA,41.2464,-83.2358,510,,
Vertnet,UMMZ,6d2cfc0a-9903-40b8-802b-403398218e4a,Least weasel,Museum specimen,3/23/1933,NA,41.1386,-83.6494,430,,
Vertnet,UMMZ,6d2cfc0a-9903-40b8-802b-403398218e4a,Least weasel,Museum specimen,10/6/1932,NA,41.2361,-81.1492,188,,
Vertnet,FHSM,84e6e5f8-f762-11e1-a439-00145eb45e9a,Long-tailed weasel,Museum specimen,NA,NA,41.6066704,-80.5725,0,,
Vertnet,FHSM,84e6e5f8-f762-11e1-a439-00145eb45e9a,Long-tailed weasel,Museum specimen,12/1/1976,NA,41.8908043,-80.5985,0,,
Vertnet,UMMZ,6d2cfc0a-9903-40b8-802b-403398218e4a,Least weasel,Museum specimen,11/17/1930,NA,41.3747,-83.6514,2852,,
Vertnet,UMMZ,6d2cfc0a-9903-40b8-802b-403398218e4a,Long-tailed weasel,Museum specimen,6/18/1942,NA,41.2433,-82.6161,2073,,
Vertnet,UMMZ,6d2cfc0a-9903-40b8-802b-403398218e4a,Least weasel,Museum specimen,12/10/1925,NA,41.2449,-82.6969,785,,
Vertnet,UMMZ,6d2cfc0a-9903-40b8-802b-403398218e4a,Long-tailed weasel,Museum specimen,11/29/1930,NA,41.2361,-81.1492,188,,
Vertnet,FHSM,84e6e5f8-f762-11e1-a439-00145eb45e9a,Long-tailed weasel,Museum specimen,NA,NA,41.8019409,-81.0492,0,,
Vertnet,LACM,7a25f7aa-03fb-4322-aaeb-66719e1a9527,Long-tailed weasel,Museum specimen,12/17/1939,NA,39.1619,-84.4569,15316,,
Vertnet,UMMZ,6d2cfc0a-9903-40b8-802b-403398218e4a,Least weasel,Museum specimen,NA,NA,41.4489,-82.7081,2441,,
Vertnet,UMMZ,6d2cfc0a-9903-40b8-802b-403398218e4a,Long-tailed weasel,Museum specimen,12/22/1930,NA,41.6239,-81.3072,188,,
Vertnet,UMMZ,6d2cfc0a-9903-40b8-802b-403398218e4a,Least weasel,Museum specimen,12/10/1930,NA,41.3747,-83.6514,2852,,
Vertnet,UMMZ,6d2cfc0a-9903-40b8-802b-403398218e4a,Least weasel,Museum specimen,3/29/1930,NA,41.3747,-83.6514,2852,,
Vertnet,UMMZ,6d2cfc0a-9903-40b8-802b-403398218e4a,Least weasel,Museum specimen,3/9/1927,NA,41.3747,-83.6514,2441,,
Vertnet,UMMZ,6d2cfc0a-9903-40b8-802b-403398218e4a,Long-tailed weasel,Museum specimen,7/7/1924,NA,40.6353,-82.2333,832,,
Vertnet,UMMZ,6d2cfc0a-9903-40b8-802b-403398218e4a,Long-tailed weasel,Museum specimen,8/19/1932,NA,41.2361,-81.1492,188,,
Vertnet,UMMZ,6d2cfc0a-9903-40b8-802b-403398218e4a,Least weasel,Museum specimen,5/4/1936,NA,41.52,-81.4889,188,,
Vertnet,FHSM,84e6e5f8-f762-11e1-a439-00145eb45e9a,Long-tailed weasel,Museum specimen,NA,NA,41.6585159,-80.8619,0,,
Vertnet,UMMZ,6d2cfc0a-9903-40b8-802b-403398218e4a,Long-tailed weasel,Museum specimen,8/2/1933,NA,41.6239,-81.3072,188,,
Vertnet,UMMZ,6d2cfc0a-9903-40b8-802b-403398218e4a,Long-tailed weasel,Museum specimen,11/29/1930,NA,41.2361,-81.1492,188,,
Vertnet,UMMZ,6d2cfc0a-9903-40b8-802b-403398218e4a,Long-tailed weasel,Museum specimen,8/19/1932,NA,41.2361,-81.1492,188,,
Vertnet,UMMZ,6d2cfc0a-9903-40b8-802b-403398218e4a,Long-tailed weasel,Museum specimen,7/16/1935,NA,41.4384,-81.3773,188,,
Vertnet,UMMZ,6d2cfc0a-9903-40b8-802b-403398218e4a,Least weasel,Museum specimen,12/15/1940,NA,41.0783,-84.7266,2441,,
Vertnet,FHSM,84e6e5f8-f762-11e1-a439-00145eb45e9a,Long-tailed weasel,Museum specimen,1/1/1977,NA,41.5349998,-80.8683,0,,
Vertnet,UMMZ,6d2cfc0a-9903-40b8-802b-403398218e4a,Least weasel,Museum specimen,NA,NA,41.4489,-82.7081,2441,,
Vertnet,UMMZ,6d2cfc0a-9903-40b8-802b-403398218e4a,Least weasel,Museum specimen,12/27/1929,NA,41.0167,-83.6667,24168,,
Vertnet,LACM,7a25f7aa-03fb-4322-aaeb-66719e1a9527,Unknown weasel,Museum specimen,12/27/1932,NA,39.05,-84.15,24168,,
Vertnet,FHSM,84e6e5f8-f762-11e1-a439-00145eb45e9a,Long-tailed weasel,Museum specimen,NA,NA,41.8050003,-80.9483,0,,
Vertnet,FHSM,84e6e5f8-f762-11e1-a439-00145eb45e9a,Long-tailed weasel,Museum specimen,NA,NA,41.5349998,-80.8683,0,,
Vertnet,FHSM,84e6e5f8-f762-11e1-a439-00145eb45e9a,Long-tailed weasel,Museum specimen,NA,NA,40.4988899,-83.1072,0,,
Vertnet,UMMZ,6d2cfc0a-9903-40b8-802b-403398218e4a,Least weasel,Museum specimen,12/10/1933,NA,41.6239,-81.3072,188,,
Vertnet,UMMZ,6d2cfc0a-9903-40b8-802b-403398218e4a,Long-tailed weasel,Museum specimen,8/8/1926,NA,40.805,-81.9353,2602,,
Vertnet,UMMZ,6d2cfc0a-9903-40b8-802b-403398218e4a,Long-tailed weasel,Museum specimen,8/10/1936,NA,40.7992,-81.9318,188,,
Vertnet,UMMZ,6d2cfc0a-9903-40b8-802b-403398218e4a,Long-tailed weasel,Museum specimen,7/9/1939,NA,41.2464,-83.2358,510,,
Vertnet,UMMZ,6d2cfc0a-9903-40b8-802b-403398218e4a,Long-tailed weasel,Museum specimen,11/14/1930,NA,41.3691,-82.1082,13200,,
Vertnet,UMMZ,6d2cfc0a-9903-40b8-802b-403398218e4a,Least weasel,Museum specimen,11/24/1939,NA,41.61,-81.3158,188,,
Vertnet,UMMZ,6d2cfc0a-9903-40b8-802b-403398218e4a,Least weasel,Museum specimen,11/14/1939,NA,41.2464,-83.2358,510,,
Vertnet,UMMZ,6d2cfc0a-9903-40b8-802b-403398218e4a,Least weasel,Museum specimen,02/01/1930,NA,41.0167,-83.6667,24168,,
Vertnet,UMMZ,6d2cfc0a-9903-40b8-802b-403398218e4a,Least weasel,Museum specimen,1/2/1930,NA,41.0167,-83.6667,24168,,
Vertnet,UMMZ,6d2cfc0a-9903-40b8-802b-403398218e4a,Least weasel,Museum specimen,11/30/1938,NA,41.1809,-84.7407,1637,,
Vertnet,FHSM,84e6e5f8-f762-11e1-a439-00145eb45e9a,Long-tailed weasel,Museum specimen,11/25/1977,NA,41.9040337,-80.5544,0,,
Vertnet,CUMV,35720b3e-aded-4b83-b4f1-967f1d457d6a,Unknown weasel,Museum specimen,01/07/1956,NA,39.799862,-84.0804,79600,,
Vertnet,UMMZ,6d2cfc0a-9903-40b8-802b-403398218e4a,Least weasel,Museum specimen,4/26/1936,NA,41.3049,-81.3248,6856,,
Vertnet,UMMZ,6d2cfc0a-9903-40b8-802b-403398218e4a,Long-tailed weasel,Museum specimen,11/30/1932,NA,41.2361,-81.1492,188,,
Vertnet,UMMZ,6d2cfc0a-9903-40b8-802b-403398218e4a,Long-tailed weasel,Museum specimen,10/22/1927,NA,41.52,-81.5564,188,,
Vertnet,UMMZ,6d2cfc0a-9903-40b8-802b-403398218e4a,Long-tailed weasel,Museum specimen,8/29/1935,NA,41.4384,-81.3773,188,,
Vertnet,UMMZ,6d2cfc0a-9903-40b8-802b-403398218e4a,Long-tailed weasel,Museum specimen,5/29/1930,NA,41.6289,-81.3617,832,,
Vertnet,UMMZ,6d2cfc0a-9903-40b8-802b-403398218e4a,Least weasel,Museum specimen,01/12/1922,NA,41.0442,-83.65,4855,,
Vertnet,UMMZ,6d2cfc0a-9903-40b8-802b-403398218e4a,Least weasel,Museum specimen,3/15/1930,NA,40.9158,-83.6509,14820,,
Vertnet,FHSM,84e6e5f8-f762-11e1-a439-00145eb45e9a,Long-tailed weasel,Museum specimen,NA,NA,41.8363914,-81.0453,0,,
Vertnet,UMMZ,6d2cfc0a-9903-40b8-802b-403398218e4a,Least weasel,Museum specimen,1/31/1911,NA,41.3223,-82.4922,188,,
Vertnet,UMMZ,6d2cfc0a-9903-40b8-802b-403398218e4a,Long-tailed weasel,Museum specimen,6/3/1930,NA,41.6289,-81.3617,832,,
Vertnet,UMMZ,6d2cfc0a-9903-40b8-802b-403398218e4a,Least weasel,Museum specimen,4/5/1928,NA,41.4582,-83.4877,8381,,
Vertnet,UMMZ,6d2cfc0a-9903-40b8-802b-403398218e4a,Long-tailed weasel,Museum specimen,10/30/1932,NA,41.2361,-81.1492,188,,
Vertnet,UMMZ,6d2cfc0a-9903-40b8-802b-403398218e4a,Long-tailed weasel,Museum specimen,6/1/1945,NA,41.4994,-81.6956,45894,,
Vertnet,UMMZ,6d2cfc0a-9903-40b8-802b-403398218e4a,Least weasel,Museum specimen,2/9/1939,NA,39.9611,-82.9989,20144,,
ODNR (ODOW Camera Project Sightings),NA,NA,Long-tailed weasel,Sighting report,2/7/2022,NA,40.57479,-83.30638,0,,
ODNR (ODOW Camera Project Sightings),NA,NA,Long-tailed weasel,Sighting report,2/24/2022,NA,40.43885,-83.05792,0,,
ODNR (ODOW Camera Project Sightings),NA,NA,Long-tailed weasel,Sighting report,2/3/2022,NA,40.40838,-83.03489,0,,
ODNR (ODOW Camera Project Sightings),NA,NA,Long-tailed weasel,Sighting report,3/5/2022,NA,40.38237,-83.04208,0,,
ODNR (ODOW Camera Project Sightings),NA,NA,Long-tailed weasel,Sighting report,2/14/2023,NA,40.42373,-83.01879,0,,
ODNR (ODOW Camera Project Sightings),NA,NA,Long-tailed weasel,Sighting report,8/7/2021,NA,40.377529,-83.046385,0,,
ODNR (ODOW Camera Project Sightings),NA,NA,Long-tailed weasel,Sighting report,8/9/2021,NA,40.408441,-83.034678,0,,
ODNR (ODOW Camera Project Sightings),NA,NA,Long-tailed weasel,Sighting report,8/5/2021,NA,40.42373,-83.01879,0,,
ODNR (ODOW Camera Project Sightings),NA,NA,Least weasel,Sighting report,8/7/2021,NA,40.37882,-83.04738,0,,Possibly not least weasel.
ODNR (ODOW Camera Project Sightings),NA,NA,Short-tailed weasel,Sighting report,5/20/2023,NA,41.2193,-80.93845,0,,
ODNR (ODOW Camera Project Sightings),NA,NA,Long-tailed weasel,Sighting report,6/16/2023,NA,41.70067,-80.63816,0,,
ODNR (ODOW Camera Project Sightings),NA,NA,Long-tailed weasel,Sighting report,6/13/2023,NA,41.42422,-80.90803,0,,
ODNR (ODOW Camera Project Sightings),NA,NA,Long-tailed weasel,Sighting report,6/8/2023,NA,41.38026,-80.89757,0,,
ODNR (ODOW Camera Project Sightings),NA,NA,Long-tailed weasel,Sighting report,5/20/2023,NA,41.45136,-80.812869,0,,
ODNR (ODOW Camera Project Sightings),NA,NA,Long-tailed weasel,Sighting report,5/20/2023,NA,41.58473,-80.73659,0,,
ODNR (ODOW Camera Project Sightings),NA,NA,Long-tailed weasel,Sighting report,5/28/2023,NA,41.44747,-80.5974,0,,
ODNR (ODOW Camera Project Sightings),NA,NA,Long-tailed weasel,Sighting report,5/20/2023,NA,41.37443,-80.55085,0,,
ODNR (ODOW Camera Project Sightings),NA,NA,Long-tailed weasel,Sighting report,3/10/2023,NA,39.339089,-82.290427,0,,
ODNR (ODOW Camera Project Sightings),NA,NA,Long-tailed weasel,Sighting report,12/6/2023,NA,39.291859,-83.464127,0,,
ODNR (ODOW Camera Project Sightings),NA,NA,Long-tailed weasel,Sighting report,11/21/2021,NA,39.85179,-83.2061,0,,
ODNR (ODOW Camera Project Sightings),NA,NA,Short-tailed weasel,Sighting report,10/20/2021,NA,41.3708,-80.9157,0,,Possibly not short-tailed weasel.
ODNR (ODOW Camera Project Sightings),NA,NA,Unknown weasel,Sighting report,10/31/2021,NA,41.3899,-80.9213,0,,
ODNR (ODOW Camera Project Sightings),NA,NA,Long-tailed weasel,Sighting report,11/19/2021,NA,40.1557,-83.0449,0,,
ODNR (ODOW Camera Project Sightings),NA,NA,Long-tailed weasel,Sighting report,11/7/2021,NA,40.01065,-83.25283,0,,